Id,Company,CPU,RAM,Bus,SSD,HDD,GPU_name,GPU_ram,Screen,resolution,Weight(kg),Price(dong)
0,Asus,Intel Core i5-10300H,8 GB,2933 MHz,512,0,NVIDIA GeForce GTX 1650Ti,4,15.6, 1920 x 1080,2.3,22290000
1,Asus,AMD Ryzen 7-3750H,8 GB,2400 MHz,512,0,NVIDIA GeForce GTX 1650,4,15.6, 1920 x 1080,2.2,19090000
2,Acer,AMD Ryzen 7-3750H,8 GB,2666 MHz,512,0,NVIDIA GeForce GTX 1650Ti,4,15.6, 1920 x 1080,2.1,19790000
3,MSI,AMD Ryzen 5-4600H,8 GB,3200 MHz,512,0,AMD Radeon RX 5300M,3,15.6, 1920 x 1080,1.96,19490000
4,Acer,AMD Ryzen 5-3550H,8 GB,2666 MHz,512,0,NVIDIA GeForce GTX 1650Ti,4,15.6, 1920 x 1080,2.1,18790000
5,Asus,Intel Core i5-9300H,8 GB,2666 MHz,512,0,NVIDIA GeForce GTX 1650,4,15.6, 1920 x 1080,2.2,19990000
6,HP,Intel Core i5-10300H,8 GB,3200 MHz,512,0,NVIDIA GeForce GTX 1650,4,15.6, 1920 x 1080,2.3,22290000
7,Dell,Intel Core i5-10300H,8 GB,2933 MHz,256,1000,NVIDIA GeForce GTX 1650,4,15.6, 1920 x 1080,2.34,21990000
8,ASUS,AMD Ryzen 5-3550H,8 GB,2400 MHz,512,0,NVIDIA GeForce GTX 1650,4,15.6, 1920 x 1080,2.14,18090000
9,Asus,Intel Core i5-9300H,8 GB,2666 MHz,512,0,NVIDIA GeForce GTX 1650,4,15.6, 1920 x 1080,2.42,22590000
10,MSI,Intel Core i7-10750H,8 GB,2666 MHz,512,0,NVIDIA GeForce GTX 1650,4,15.6, 1920 x 1080,2.3,24590000
11,MSI,Intel Core i5-10300H,8 GB,2666 MHz,512,0,NVIDIA GeForce GTX 1650 ,4,15.6, 1920 x 1080,1.86,21190000
12,HP,AMD Ryzen 5-4600H,8 GB,3200 MHz,128,1000,NVIDIA GeForce GTX 1650,4,15.6, 1920 x 1080,1.98,19590000
13,HP,AMD Ryzen 5-3550H,8 GB,2400 MHz,128,1000,NVIDIA GeForce GTX 1650,4,15.6, 1920 x 1080,1.98,19590000
14,Lenovo,Intel Core i7-9750H,8 GB,2666 MHz,1000,0,NVIDIA GeForce GTX 1650,4,15.6, 1920 x 1080,2.3,26790000
15,Asus,AMD Ryzen 7-4800H,8 GB,3200 MHz,512,0,NVIDIA GeForce GTX 1650Ti,4,15.6, 1920 x 1080,2.3,23690000
16,Acer,Intel Core i5-9300H,8 GB,2400 MHz,512,0,On board,0,15.6, 1920 x 1080,2.3,21790000
17,MTXT,Intel Core i5-9300H,8 GB,2666 MHz,512,0,NVIDIA GeForce GTX 1650 ,4,15.6, 1920 x 1080,1.86,18690000
18,Asus,AMD Ryzen 5-4600H,8 GB,3200 MHz,512,0,NVIDIA GeForce GTX 1650Ti,4,15.6, 1920 x 1080,2.3,22190000
19,ACER,AMD Ryzen 7-3750H,8 GB,2666 MHz,512,0,NVIDIA GeForce GTX 1650,4,15.6, 1920 x 1080,2.1,19990000
20,HP,Intel Core i3-8145U,4 GB,2400 MHz,0,500,On board,0,14, 1920 x 1080,1.53,10690000
21,Acer,Intel Core i3-1005G1,4 GB,2400 MHz,256,0,On board,0,15.6, 1920 x 1080,1.7,9890000
22,Lenovo,Intel Core i3-1005G1,4 GB,2666 MHz,256,0,On board,0,15.6, 1920 x 1080,1.85,9990000
23,Acer,AMD Ryzen 3-3250U,4 GB,2400 MHz,512,0,On board,0,15.6, 1920 x 1080,1.7,10290000
24,Lenovo,Intel Core i3-8130U,4 GB,2133 MHz,512,0,On board,0,14, 1920 x 1080,1.85,10290000
25,Dell,Intel Core i7-10750H,16 GB,2933 MHz,512,0,NVIDIA GeForce GTX 1650Ti,4,15.6, 3840 x 2400,2.05,61990000
26,MacBook,Intel Core i7-9000U,16 GB,2666 MHz,512,0,AMD Radeon Pro 5300M,4,16, 3072 x 1920,2,59990000
27,MacBook,Intel Core i5-8000U,8 GB,2133 MHz,512,0,On board,0,13.3, 2560 x 1600,1.37,51990000
28,ASUS,Intel Core i7-10510U,16 GB,2133 MHz,1000,0,On board,0,14, 1920 x 1080,0.996,49990000
29,MacBook,Intel Core i5-10000U,16 GB,3733 MHz,512,0,On board,0,13.3, 2560 x 1600,1.4,47990000
30,HP,Intel Core i7-1065G7,16 GB,3200 MHz,512,0,On board,0,13.3, 3840 x 2160,1.3,47490000
31,Asus,Intel Core i7-1165G7,16 GB,4266 MHz,1000,0,On board,0,13.3, 3840 x 2160,1.2,39990000
32,Dell,Intel Core i5-1135G7,8 GB,4266 MHz,256,0,On board,0,13.4, 1920 x 1080,1.32,38990000
33,Dell,Intel Core i5-1135G7,8 GB,4266 MHz,512,0,On board,0,13.3, 1920 x 1200,1.26,38590000
34,MSI,Intel Core i7-10750H,16 GB,2666 MHz,1000,0,NVIDIA GeForce RTX 2060,6,15.6, 1920 x 1080,2.3,35990000
35,Lenovo,Intel Core i7-10510U,16 GB,3200 MHz,512,0,On board,0,14, 1920 x 1080,1.35,34990000
36,MacBook,Apple M1,8 GB,2666 MHz,256,0,On board,0,13.3, 2560 x 1600,1.4,34990000
37,MacBook,Intel Core i5-8000U,8 GB,2133 MHz,256,0,On board,0,13.3, 2560 x 1600,1.4,34990000
38,MacBook,Intel Core i5-10000U,8 GB,3733 MHz,512,0,On board,0,13.3, 2560 x 1600,1.29,34990000
39,Dell,Intel Core i7-10750H,16 GB,2933 MHz,512,0,NVIDIA GeForce GTX 1660Ti,6,15.6, 1920 x 1080,2.58,31590000
40,Acer,Intel Core i5-10300H,16 GB,2933 MHz,512,0,NVIDIA GeForce RTX 2060,6,15.6, 1920 x 1080,2.3,28990000
41,MacBook,Intel Core i3-10000U,8 GB,3733 MHz,256,0,On board,0,13.3, 2560 x 1600,1.29,28990000
42,MacBook,Apple M1,8 GB,2666 MHz,256,0,On board,0,13.3, 2560 x 1600,1.29,28990000
43,HP,Intel Core i7-10750H,8 GB,2933 MHz,512,0,NVIDIA GeForce GTX 1650Ti,4,15.6, 1920 x 1080,2.23,28490000
44,HP,Intel Core i7-1165G7,8 GB,3200 MHz,512,0,On board,0,13.3, 1920 x 1080,1.25,28290000
45,HP,Intel Core i7-10510U,8 GB,2400 MHz,512,0,On board,0,13.3, 1920 x 1080,1.3,28290000
46,Dell,Intel Core i5-10210U,8 GB,2133 MHz,512,0,NVIDIA GeForce MX250,2,14, 1920 x 1080,1.32,27990000
47,Dell,Intel Core i7-10750H,8 GB,2933 MHz,512,0,NVIDIA GeForce GTX 1650Ti,4,15.6, 1920 x 1080,2.56,27590000
48,Dell,Intel Core i5-10300H,8 GB,2933 MHz,512,0,NVIDIA GeForce GTX 1650Ti,4,15.6, 1920 x 1080,1.9,27590000
49,HP,Intel Core i7-10510U,8 GB,2400 MHz,512,0,On board,0,13.3, 1920 x 1080,1.26,27490000
50,Dell,Intel Core i5-1135G7,8 GB,4266 MHz,512,0,On board,0,13.3, 1920 x 1080,1.37,27290000
51,HP,AMD Ryzen 7-3700U,8 GB,2400 MHz,256,0,On board,0,13.3, 1920 x 1080,1.31,26890000
52,Lenovo,Intel Core i7-9750H,8 GB,2666 MHz,1000,0,NVIDIA GeForce GTX 1650,4,15.6, 1920 x 1080,2.3,26790000
53,Acer,Intel Core i7-10750H,8 GB,2666 MHz,512,0,NVIDIA GeForce GTX 1650Ti,4,15.6, 1920 x 1080,2.3,26490000
54,Asus,Intel Core i7-10870H,8 GB,2933 MHz,512,0,NVIDIA GeForce GTX 1650Ti,4,15.6, 1920 x 1080,2.3,26290000
55,Asus,Intel Core i5-1135G7,8 GB,4266 MHz,512,0,On board,0,13.3, 1920 x 1080,1.3,25990000
56,Dell,Intel Core i7-1165G7,16 GB,3200 MHz,512,0,NVIDIA GeForce MX330,2,15.6, 1920 x 1080,1.7,25590000
57,Dell,Intel Core i7-1165G7,8 GB,4266 MHz,512,0,NVIDIA GeForce MX350,2,13.3, 1920 x 1080,1.23,25290000
58,Dell,Intel Core i7-1165G7,16 GB,3200 MHz,512,0,NVIDIA GeForce MX330,2,14, 1920 x 1080,1.41,25190000
59,Acer,Intel Core i7-8565U,8 GB,2400 MHz,512,0,NVIDIA GeForce MX250,2,14, 1920 x 1080,1.5,24990000
60,MSI,Intel Core i7-10750H,8 GB,2666 MHz,512,0,NVIDIA GeForce GTX 1650,4,15.6, 1920 x 1080,2.3,24590000
61,Dell,Intel Core i7-1165G7,8 GB,3200 MHz,512,0,NVIDIA GeForce MX330,2,15.6, 1920 x 1080,1.65,24090000
62,MSI,Intel Core i7-9750H,8 GB,2666 MHz,512,0,NVIDIA GeForce GTX 1650Ti,4,15.6, 1920 x 1080,1.86,23990000
63,MSI,Intel Core i5-1135G7,8 GB,2666 MHz,512,0,On board,0,14, 1920 x 1080,1.29,23990000
64,Asus,AMD Ryzen 7-4800H,8 GB,3200 MHz,512,0,NVIDIA GeForce GTX 1650Ti,4,15.6, 1920 x 1080,2.3,23690000
65,Asus,Intel Core i5-10300H,8 GB,3200 MHz,512,0,NVIDIA GeForce GTX 1650Ti,4,15.6, 1920 x 1080,2.39,23490000
66,HP,Intel Core i5-1135G7,8 GB,3200 MHz,512,0,On board,0,13.3, 1920 x 1080,1.31,23290000
67,HP,Intel Core i7-10510U,8 GB,2666 MHz,512,0,NVIDIA GeForce MX250,2,15.6, 1920 x 1080,2,23290000
68,HP,AMD Ryzen 5-4500U,8 GB,3200 MHz,256,0,On board,0,13.3, 1920 x 1080,1.32,22990000
69,Asus,Intel Core i5-9300H,8 GB,2666 MHz,512,0,NVIDIA GeForce GTX 1650,4,15.6, 1920 x 1080,2.42,22590000
70,Asus,Intel Core i5-1135G7,8 GB,4266 MHz,512,0,On board,0,14, 1920 x 1080,1.17,22490000
71,Asus,Intel Core i5-1135G7,8 GB,4266 MHz,512,0,On board,0,14, 1920 x 1080,1.17,22490000
72,HP,Intel Core i5-1135G7,8 GB,3200 MHz,256,0,On board,0,13.3, 1920 x 1080,1.25,22390000
73,Acer,Intel Core i5-10300H,8 GB,2933 MHz,512,0,NVIDIA GeForce GTX 1650Ti,4,15.6, 1920 x 1080,2.3,22390000
74,Acer,Intel Core i5-10300H,8 GB,2666 MHz,512,0,NVIDIA GeForce GTX 1650Ti,4,15.6, 1920 x 1080,2.3,22390000
75,Asus,Intel Core i5-10300H,8 GB,2933 MHz,512,0,NVIDIA GeForce GTX 1650Ti,4,15.6, 1920 x 1080,2.3,22290000
76,HP,Intel Core i5-10300H,8 GB,3200 MHz,512,0,NVIDIA GeForce GTX 1650,4,15.6, 1920 x 1080,2.3,22290000
77,Asus,AMD Ryzen 5-4600H,8 GB,3200 MHz,512,0,NVIDIA GeForce GTX 1650Ti,4,15.6, 1920 x 1080,2.3,22190000
78,Lenovo,AMD Ryzen 5-4600H,8 GB,3200 MHz,512,0,NVIDIA GeForce GTX 1650,4,15.6, 1920 x 1080,2.3,21990000
79,Dell,Intel Core i5-10300H,8 GB,2933 MHz,256,1000,NVIDIA GeForce GTX 1650,4,15.6, 1920 x 1080,2.34,21990000
80,Acer,Intel Core i5-9300H,8 GB,2400 MHz,512,0,On board,0,15.6, 1920 x 1080,2.3,21790000
81,HP,Intel Core i5-1035G4,8 GB,3200 MHz,256,0,On board,0,13.3, 1920 x 1080,1.25,21690000
82,HP,Intel Core i5-10210U,8 GB,2400 MHz,512,0,On board,0,13.3, 1920 x 1080,1.17,21390000
83,MSI,Intel Core i5-10300H,8 GB,2666 MHz,512,0,NVIDIA GeForce GTX 1650 ,4,15.6, 1920 x 1080,1.86,21190000
84,Asus,Intel Core i5-1135G7,8 GB,3200 MHz,256,0,On board,0,13.3, 1920 x 1080,1.1,21190000
85,Asus,Intel Core i5-1035G1,8 GB,2666 MHz,512,0,NVIDIA GeForce MX350,2,15.6, 1920 x 1080,1.8,20990000
86,Dell,Intel Core i5-10210U,8 GB,2666 MHz,512,0,NVIDIA GeForce MX230,2,14, 1920 x 1080,1.12,20590000
87,MSI,Intel Core i5-9300H,8 GB,2666 MHz,512,0,NVIDIA GeForce GTX 1650Ti,4,15.6, 1920 x 1080,1.86,20490000
88,Asus,Intel Core i5-9300H,8 GB,2666 MHz,512,0,NVIDIA GeForce GTX 1650,4,15.6, 1920 x 1080,2.2,19990000
89,MSI,Intel Core i5-10300H,8 GB,2666 MHz,512,0,NVIDIA GeForce GTX 1650,4,15.6, 1920 x 1080,1.86,19990000
90,ACER,AMD Ryzen 7-3750H,8 GB,2666 MHz,512,0,NVIDIA GeForce GTX 1650,4,15.6, 1920 x 1080,2.1,19990000
91,Acer,AMD Ryzen 7-3750H,8 GB,2666 MHz,512,0,NVIDIA GeForce GTX 1650Ti,4,15.6, 1920 x 1080,2.1,19790000
92,Dell,Intel Core i5-1135G7,8 GB,3200 MHz,256,0,NVIDIA GeForce MX330,2,14, 1920 x 1080,1.4,19690000
93,HP,AMD Ryzen 5-3550H,8 GB,2400 MHz,128,1000,NVIDIA GeForce GTX 1650,4,15.6, 1920 x 1080,1.98,19590000
94,HP,AMD Ryzen 5-4600H,8 GB,3200 MHz,128,1000,NVIDIA GeForce GTX 1650,4,15.6, 1920 x 1080,1.98,19590000
95,MSI,AMD Ryzen 5-4600H,8 GB,3200 MHz,512,0,AMD Radeon RX 5300M,3,15.6, 1920 x 1080,1.96,19490000
96,Asus,AMD Ryzen 7-3750H,8 GB,2400 MHz,512,0,NVIDIA GeForce GTX 1650,4,15.6, 1920 x 1080,2.2,19090000
97,Asus,AMD Ryzen 7-4700U,8 GB,3200 MHz,1000,0,On board,0,14, 1920 x 1080,1.45,19090000
98,Asus,Intel Core i5-1135G7,8 GB,3200 MHz,512,0,On board,0,14, 1920 x 1080,1.4,18990000
99,MacBook,Intel Core i5-5000U,8 GB,1600 MHz,128,0,On board,0,13.3, 1440 x 900,1.35,18990000
100,Acer,AMD Ryzen 5-3550H,8 GB,2666 MHz,512,0,NVIDIA GeForce GTX 1650Ti,4,15.6, 1920 x 1080,2.1,18790000
101,Dell,Intel Core i5-1135G7,8 GB,3200 MHz,256,0,On board,0,15.6, 1920 x 1080,1.7,18690000
102,MSI,AMD Ryzen 5-4600H,8 GB,3200 MHz,256,0,On board,0,15.6, 1920 x 1080,1.96,18690000
103,MTXT,Intel Core i5-9300H,8 GB,2666 MHz,512,0,NVIDIA GeForce GTX 1650 ,4,15.6, 1920 x 1080,1.86,18690000
104,HP,Intel Core i5-1035G1,8 GB,2666 MHz,512,0,NVIDIA GeForce MX250,2,15.6, 1920 x 1080,1.761,18190000
105,Dell,Intel Core i5-1135G7,8 GB,3200 MHz,256,0,On board,0,14, 1920 x 1080,1.4,18190000
106,ASUS,AMD Ryzen 5-3550H,8 GB,2400 MHz,512,0,NVIDIA GeForce GTX 1650,4,15.6, 1920 x 1080,2.14,18090000
107,Asus,Intel Core i5-10210U,8 GB,2400 MHz,512,0,NVIDIA GeForce MX250,2,15.6, 1920 x 1080,1.7,18090000
108,HP,Intel Core i7-1165G7,8 GB,2666 MHz,512,0,On board,0,15.6, 1366 x 768,1.91,18090000
109,Dell,Intel Core i5-8265U,4 GB,2400 MHz,0,1000,NVIDIA GeForce MX130,2,15.6, 1920 x 1080,1.95,17990000
110,MSI,Intel Core i5-1135G7,8 GB,3200 MHz,512,0,On board,0,14, 1920 x 1080,1.3,17990000
111,Lenovo,AMD Ryzen 7-4700H,8 GB,3200 MHz,512,0,On board,0,14, 1920 x 1080,1.5,17990000
112,Lenovo,Intel Core i5-10210U,8 GB,2666 MHz,512,0,On board,0,14, 1920 x 1080,1.77,17990000
113,HP,Intel Core i5-10210U,8 GB,2666 MHz,512,0,On board,0,14, 1920 x 1080,1.6,17590000
114,Lenovo,Intel Core i5-1035G1,8 GB,2666 MHz,512,0,AMD Radeon 630,2,15.6, 1920 x 1080,1.8,17490000
115,HP,Intel Core i5-1035G1,8 GB,2666 MHz,512,0,On board,0,15.6, 1920 x 1080,1.706,17290000
116,Lenovo,Intel Core i5-1035G1,8 GB,3200 MHz,512,0,On board,0,15.6, 1920 x 1080,1.66,17190000
117,Lenovo,Intel Core i5-1035G1,8 GB,2666 MHz,512,0,On board,0,15.6, 1920 x 1080,2,16990000
118,Asus,Intel Core i5-10210U,8 GB,2400 MHz,512,0,On board,0,14, 1920 x 1080,1.5,16990000
119,Asus,Intel Core i5-1135G7,8 GB,2666 MHz,512,0,On board,0,14, 1920 x 1080,1.35,16890000
120,HP,Intel Core i5-1135G7,8 GB,2666 MHz,512,0,On board,0,15.6, 1366 x 768,1.91,16190000
121,Lenovo,Intel Core i5-1035G1,8 GB,3200 MHz,256,0,On board,0,15.6, 1920 x 1080,1.66,16190000
122,Asus,Intel Core i5-1035G1,4 GB,2666 MHz,512,0,NVIDIA GeForce MX330,2,15.6, 1920 x 1080,1.78,16090000
123,Dell,Intel Core i5-10210U,8 GB,2666 MHz,256,0,AMD Radeon 610,2,15.6, 1920 x 1080,2.17,16090000
124,Dell,AMD Ryzen 7-3700U,8 GB,2400 MHz,512,0,On board,0,14, 1920 x 1080,1.7,16090000
125,Lenovo,Intel Core i5-1135G7,8 GB,3200 MHz,512,0,On board,0,15.6, 1920 x 1080,1.66,15990000
126,HP,Intel Core i5-1035G1,4 GB,2666 MHz,256,0,NVIDIA GeForce MX250,2,15.6, 1920 x 1080,1.755,15990000
127,Lenovo,Intel Core i5-1035G1,8 GB,2666 MHz,512,0,On board,0,14, 1920 x 1080,1.5,15990000
128,Dell,Intel Core i5-1035G1,4 GB,2666 MHz,512,0,On board,0,15.6, 1920 x 1080,2,15690000
129,Dell,Intel Core i5-8265U,4 GB,2666 MHz,0,1000,AMD Radeon 520,2,15.6, 1920 x 1080,2.28,15490000
130,Dell,Intel Core i5-1035G1,4 GB,2666 MHz,256,0,NVIDIA GeForce MX230,2,15.6, 1920 x 1080,2,15390000
131,Dell,Intel Core i5-1035G1,8 GB,2666 MHz,256,0,On board,0,15.6, 1920 x 1080,1.9,15290000
132,HP,Intel Core i5-1035G1,4 GB,2666 MHz,256,0,On board,0,14, 1920 x 1080,1.6,15290000
133,Acer,Intel Core i5-1035G1,8 GB,2400 MHz,512,0,NVIDIA GeForce MX330,2,15.6, 1920 x 1080,1.9,14990000
134,Dell,AMD Ryzen 5-3500U,8 GB,2400 MHz,512,0,On board,0,14, 1920 x 1080,1.79,14799000
135,HP,Intel Core i3-1005G1,4 GB,3200 MHz,512,0,On board,0,14, 1920 x 1080,1.65,14790000
136,Asus,AMD Ryzen 5-3500U,8 GB,2400 MHz,512,0,On board,0,14, 1920 x 1080,1.5,14690000
137,Asus,Intel Core i5-1035G1,4 GB,2400 MHz,512,0,On board,0,15.6, 1920 x 1080,1.9,14690000
138,Asus,Intel Core i3-8145U,4 GB,2400 MHz,256,0,On board,0,15.6, 1920 x 1080,1.8,14490000
139,Asus,Intel Core i5-1035G1,4 GB,2666 MHz,512,0,On board,0,14, 1920 x 1080,1.6,14190000
140,Asus,Intel Core i3-8145U,4 GB,2400 MHz,256,0,On board,0,14, 1920 x 1080,1.54,13990000
141,Asus,Intel Core i3-8145U,4 GB,2666 MHz,0,1000,On board,0,14, 1920 x 1080,1.4,13890000
142,Dell,Intel Core i3-10110U,4 GB,2666 MHz,128,0,On board,0,14, 1920 x 1080,1.49,13790000
143,HP,Intel Core i3-10110U,4 GB,2666 MHz,512,0,On board,0,14, 1366 x 768,1.6,13690000
144,Acer,AMD Ryzen 5-2500U,4 GB,2666 MHz,0,1000,On board,0,15.6, 1920 x 1080,1.7,13490000
145,Asus,Intel Core i3-1115G4,4 GB,2666 MHz,512,0,On board,0,14, 1920 x 1080,1.35,13390000
146,Dell,Intel Core i3-1005G1,4 GB,2666 MHz,128,0,On board,0,15.6, 1920 x 1080,2.05,13390000
147,Lenovo,Intel Core i3-1005G1,8 GB,2666 MHz,512,0,On board,0,14, 1920 x 1080,1.6,13290000
148,Lenovo,Intel Core i3-1005G1,4 GB,2666 MHz,512,0,On board,0,14, 1920 x 1080,1.5,13290000
149,Asus,Intel Core i3-10110U,4 GB,2400 MHz,512,0,On board,0,14, 1920 x 1080,1.5,13190000
150,Asus,AMD Ryzen 3-4300U,4 GB,2666 MHz,256,0,On board,0,14, 1920 x 1080,1.5,13190000
151,HP,Intel Core i5-8265U,4 GB,2400 MHz,0,1000,On board,0,14, 1920 x 1080,1.59,13090000
152,Lenovo,AMD Ryzen 5-3500U,4 GB,2400 MHz,256,0,On board,0,15.6, 1920 x 1080,1.8,12990000
153,Acer,AMD Ryzen 5-3500U,8 GB,2400 MHz,512,0,AMD Radeon 625,2,15.6, 1920 x 1080,1.7,12790000
154,HP,Intel Core i3-1005G1,8 GB,2666 MHz,512,0,On board,0,15.6, 1366 x 768,1.65,12690000
155,HP,Intel Core i3-1005G1,4 GB,2666 MHz,256,0,On board,0,15.6, 1920 x 1080,1.693,12590000
156,Asus,AMD Ryzen 5-3500U,4 GB,2400 MHz,512,0,On board,0,14, 1920 x 1080,1.9,12590000
157,HP,Intel Core i3-10110U,4 GB,2666 MHz,256,0,On board,0,14, 1920 x 1080,1.633,12590000
158,Asus,Intel Core i3-10110U,4 GB,2666 MHz,512,0,On board,0,14, 1920 x 1080,1.5,12490000
159,Lenovo,Intel Core i3-1005G1,4 GB,2666 Mhz,512,0,On board,0,14, 1920 x 1080,1.6,12290000
160,Acer,Intel Core i5-1035G1,4 GB,2400 MHz,256,0,On board,0,15.6, 1920 x 1080,1.7,12290000
161,Lenovo,Intel Core i3-8130U,8 GB,2133 MHz,512,0,NVIDIA GeForce MX110,2,15.6, 1920 x 1080,1.85,11990000
162,Dell,Intel Core i3-1005G1,4 GB,2666 MHz,256,0,On board,0,15.6, 1920 x 1080,2.15,11790000
163,Dell,Intel Core i3-10110U,4 GB,2666 MHz,256,0,On board,0,15.6, 1920 x 1080,1.99,11790000
164,Dell,Intel Core i3-1005G1,4 GB,2666 MHz,256,0,On board,0,15.6, 1920 x 1080,2,11490000
165,Asus,Intel Core i3-8145U,4 GB,2400 MHz,512,0,On board,0,14, 1920 x 1080,1.5,11490000
166,Dell,Intel Core i3-1005G1,4 GB,2666 MHz,256,0,On board,0,15.6, 1920 x 1080,1.91,11440000
167,Asus,AMD Ryzen 3-3250U,4 GB,2400 MHz,512,0,On board,0,14, 1920 x 1080,1.5,11390000
168,Lenovo,AMD Ryzen 3-4300U,4 GB,2666 MHz,512,0,On board,0,14, 1920 x 1080,1.5,11290000
169,Asus,Intel Core i3-1005G1,8 GB,2666 MHz,512,0,On board,0,15.6, 1920 x 1080,1.9,11290000
170,HP,Intel Core i3-1005G1,4 GB,2666 MHz,256,0,NVIDIA GeForce MX130,2,15.6, 1366 x 768,1.75,11190000
171,Asus,AMD Ryzen 3-3200U,4 GB,2400 MHz,512,0,On board,0,14, 1920 x 1080,1.5,11190000
172,Asus,Intel Core i3-8145U,4 GB,2400 MHz,512,0,On board,0,15.6, 1920 x 1080,1.9,10890000
173,Dell,Intel Core i3-1005G1,4 GB,2666 MHz,256,0,On board,0,14, 1920 x 1080,1.724,10790000
174,Asus,Intel Core i3-8145U,4 GB,2400 MHz,512,0,On board,0,14, 1920 x 1080,1.6,10690000
175,HP,AMD Ryzen 3-3250U,4 GB,2400 MHz,512,0,On board,0,14, 1366 x 768,1.47,10690000
176,HP,Intel Core i3-1005G1,4 GB,2666 MHz,256,0,On board,0,15.6, 1366 x 768,1.65,10690000
177,Asus,Intel Core i3-1005G1,4 GB,2666 MHz,512,0,On board,0,15.6, 1920 x 1080,1.9,10690000
178,HP,Intel Core i3-8130U,4 GB,2666 MHz,256,0,On board,0,14, 1366 x 768,1.42,10690000
179,Asus,Intel Core i3-1005G1,4 GB,2400 MHz,256,0,On board,0,14, 1920 x 1080,1.6,10290000
180,Asus,Intel Core i3-1005G1,4 GB,2400 MHz,256,0,On board,0,14, 1920 x 1080,1.6,10290000
181,Asus,Intel Core i3-1005G1,4 GB,2666 MHz,256,0,On board,0,14, 1920 x 1080,1.6,10290000
182,HP,AMD Ryzen 3-3250U,4 GB,2400 MHz,256,0,On board,0,14, 1366 x 768,1.47,9790000
183,Asus,AMD Ryzen 3-3250U,4 GB,2400 MHz,256,0,On board,0,14, 1920 x 1080,1.9,9690000
184,Acer,AMD Ryzen 3-3250U,4 GB,2400 MHz,256,0,On board,0,15.6, 1920 x 1080,1.7,9490000
185,Asus,AMD Ryzen 3-3200U,4 GB,2400 MHz,256,0,On board,0,14, 1920 x 1080,1.9,9490000
186,Lenovo,AMD Ryzen 3-3250U,4 GB,2400 MHz,256,0,On board,0,15.6, 1920 x 1080,1.5,9490000
187,Lenovo,AMD Ryzen 3-3200U,4 GB,2400 MHz,256,0,On board,0,14, 1920 x 1080,1.6,9290000
188,Asus,Intel Pentium N5000,4 GB,2400 MHz,256,0,On board,0,15.6, 1366 x 768,1.7,7990000
189,Asus,Intel Pentium N5030,4 GB,2400 MHz,256,0,On board,0,15.6, 1366 x 768,1.7,7990000
190,Acer,Intel Celeron N4020,4 GB,2666 MHz,256,0,On board,0,15.6, 1280 x 720,1.7,6999000
191,HP,Intel Core i7-10750H,16 GB,2933 MHz,1000,0,NVIDIA GeForce GTX 1660Ti ,6,15.6, 1920 x 1080,2.14,54490000
192,MSI,Intel Core i7-10750H,16 GB,2666 MHz,512,0,On board,0,15.6, 1920 x 1080,2.3,33490000
193,MSI,Intel Core i7-10750H,8 GB,2666 MHz,512,0,NVIDIA GeForce RTX 2060,6,15.6, 1920 x 1080,1.86,32490000
194,HP,Intel Core i5-10210U,8 GB,1600 MHz,256,0,NVIDIA Quadro P520,4,14, 1920 x 1080,1.41,31400000
195,Dell,Intel Core i7-10750H,8 GB,2933 MHz,512,0,NVIDIA GeForce GTX 1660Ti,6,15.6, 1920 x 1080,2.34,30890000
196,MSI,Intel Core i7-1185G7,16 GB,2666 MHz,512,0,On board,0,14, 1920 x 1080,1.29,29990000
197,MSI,Intel Core i5-10300H,16 GB,2666 MHz,512,0,NVIDIA GeForce GTX 1660Ti,6,15.6, 1920 x 1080,1.86,28990000
198,HP,Intel Core i7-10750H,8 GB,2933 MHz,512,0,NVIDIA GeForce GTX 1650,4,15.6, 1920 x 1080,2.23,26990000
199,Dell,Intel Core i7-1165G7,8 GB,4266 MHz,512,0,NVIDIA GeForce MX350,2,13.3, 1920 x 1080,1.25,26990000
200,HP,AMD Ryzen 7-4700U,8 GB,3200 MHz,256,0,On board,0,13.3, 1920 x 1080,1.32,26690000
201,Dell,Intel Core i5-1135G7,8 GB,3200 MHz,512,0,NVIDIA GeForce MX330,2,14, 1920 x 1080,1.72,24490000
202,Lenovo,Intel Core i5-10300H,8 GB,2933 MHz,512,0,NVIDIA GeForce GTX 1650,4,15.6, 1920 x 1080,2.3,23790000
203,Dell,Intel Core i7-1165G7,8 GB,3200 MHz,512,0,NVIDIA GeForce MX330,2,15.6, 1920 x 1080,1.96,21390000
204,Dell,Intel Core i5-1135G7,8 GB,3200 MHz,512,0,On board,0,14, 1920 x 1080,1.72,21190000
205,Lenovo,Intel Core i5-10300H,8 GB,2933 MHz,512,0,NVIDIA GeForce GTX 1650,4,15.6, 1920 x 1080,2.2,20990000
206,Lenovo,AMD Ryzen 7-4800H,8 GB,3200 MHz,512,0,NVIDIA GeForce GTX 1650,4,15.6, 1920 x 1080,2.2,19790000
207,Dell,Intel Core i5-1135G7,8 GB,3200 MHz,512,0,NVIDIA GeForce MX330,2,15.6, 1920 x 1080,1.96,18590000
208,Lenovo,Intel Core i5-1135G7,8 GB,3200 MHz,512,0,On board,0,14, 1920 x 1080,1.5,17590000
209,Dell,Intel Core i5-1035G1,8 GB,2666 MHz,256,0,On board,0,14, 1920 x 1080,1.66,15690000
210,HP,Intel Core i5-1035G1,4 GB,2666 MHz,512,0,On board,0,15.6, 1366 x 768,1.65,14890000
211,Dell,Intel Core i3-1115G4,8 GB,2666 MHz,256,0,On board,0,14, 1920 x 1080,1.64,11990000
212,Lenovo,Intel Core i3-1005G1,4 GB, 2666 MHz,512,0,On board,0,15.6,1920 x 1080,1.8,11690000
213,Lenovo,Intel Core i5-1035G1,8 GB, 2666 MHz,512,0,On board,0,14,1920 x 1080,1.6,14390000
214,Lenovo,Intel Core i5-1135G7,8 GB, 3200 MHz,512,0,On board,0,15.6,1920 x 1080,1.66,17490000
215,Acer,Intel Core i3-8130U,4 GB, 2400 MHz,256,0,On board,0,15.6,1920 x 1080,1.7,10790000
216,Acer,Intel Core i5-1035G1,8 GB, 2400 MHz,512,0,On board,0,15.6,1920 x 1080,1.7,15190000
217,Apple,Intel Core i5-5250U,8 GB, 1600 MHz,128,0,On board,0,13.3,1440 x 900,1.35,18990000
218,HP,Intel Core i3-1005G1,4 GB, 2666 MHz,256,0,On board,0,15.6,1920 x 1080,1.69,11190000
219,HP,Intel Core i3-8130U,4 GB, 2666 MHz,256,0,On board,0,14,1920 x 1080,1.5,11190000
220,Asus,Intel Core i5-1135G7,8 GB, 3200 MHz,512,0,On board,0,14,1920 x 1080,1.4,17290000
221,Dell,Intel Core i5-1135G7,8 GB, 3200 MHz,256,0,On board,0,14,1920 x 1080,1.41,18290000
222,Lenovo,Intel Core i3-1005G1,4 GB, 2666 MHz,256,0,On board,0,15.6,1920 x 1080,1.79,10340000
223,HP,Intel Core i3-1005G1,4 GB, 2666 MHz,256,0,On board,0,15.6,1920 x 1080,1.69,11190000
224,Asus,Intel Core i3-1005G1,4 GB, 2666 MHz,256,0,On board,0,15.6,1920 x 1080,1.73,10690000
225,HP,Intel Core i3-8130U,4 GB, 2666 MHz,256,0,On board,0,14,1920 x 1080,1.5,11190000
226,Acer,Intel Core i3-8130U,4 GB, 2400 MHz,256,0,On board,0,15.6,1920 x 1080,1.7,10790000
227,Asus,Intel Core i5-1135G7,8 GB, 3200 MHz,512,0,On board,0,14,1920 x 1080,1.4,17290000
228,Apple,Intel Core i5-5250U,8 GB, 1600 MHz,128,0,On board,0,13.3,1440 x 900,1.35,18990000
229,Asus,Intel Core i5-1135G7,8 GB, 3200 MHz,512,0,On board,0,14,1920 x 1080,1.4,16990000
230,Asus,Intel Core i3-1115G4,4 GB, 3200 MHz,512,0,On board,0,14,1920 x 1080,1.4,13490000
231,Asus,Intel Core i5-1035G1,8 GB, 2666 MHz,512,0,NVIDIA GeForce MX330,2,15.6,1920 x 1080,1.73,16890000
232,HP,Intel Core i3-8130U,4 GB, 2666 MHz,512,0,On board,0,14,1920 x 1080,1.5,12190000
233,Dell,Intel Core i5-1135G7,8 GB, 3200 MHz,256,0,On board,0,15.6,1920 x 1080,1.7,18690000
234,Asus,Intel Core i5-1035G1,8 GB, 2666 MHz,512,0,On board,0,14,1920 x 1080,1.47,15190000
235,Asus,Intel Core i3-1115G4,8 GB, 3200 MHz,512,0,On board,0,15.6,1920 x 1080,1.8,14490000
236,Asus,Intel Pentium-N5030,4 GB, 2666 MHz,512,0,On board,0,15.6,1920 x 1080,1.8,8790000
237,HP,Intel Core i5-10210U,8 GB, 2666 MHz,512,0,On board,0,15.6,1920 x 1080,1.7,16190000
238,Lenovo,Intel Core i5-1035G1,8 GB, 2666 MHz,512,0,On board,0,15.6,1920 x 1080,1.79,14990000
239,HP,Intel Core i5-1135G7,8 GB, 3200 MHz,512,0,On board,0,15.6,1920 x 1080,1.592,16690000
240,Dell,Intel Core i5-1135G7,8 GB, 3200 MHz,256,0,On board,0,14,1920 x 1080,1.41,18290000
241,Acer,Intel Core i5-8265U,4 GB, 2400 MHz,0,1000,On board,0,15.6,1920 x 1080,2,14690000
242,Dell,Intel Core i7-10510U,8 GB, 2666 MHz,256,0,AMD Radeon 610R5,2,15.6,1920 x 1080,1.99,20490000
243,HP,Intel Core i3-1005G1,4 GB, 2666 MHz,256,0,NVIDIA Geforce MX130,2,15.6,1920 x 1080,1.75,12190000
244,Asus,Intel Core i3-1115G4,4 GB, 3200 MHz,512,0,On board,0,14,1920 x 1080,1.4,13990000
245,Asus,Intel Core i3-1005G1,4 GB, 2666 MHz,512,0,On board,0,14,1920 x 1080,1.5,11390000
246,HP,Intel Core i3-1005G1,4 GB, 3200 MHz,256,0,On board,0,14,1920 x 1080,1.65,13990000
247,Lenovo,Intel Core i5-1035G1,8 GB, 2666 MHz,512,0,On board,0,14,1920 x 1080,1.6,14390000
248,HP,Intel Core i7-1165G7,8 GB, 3200 MHz,512,0,On board,0,15.6,1920 x 1080,1.592,18090000
249,Lenovo,Intel Core i3-1005G1,4 GB, 2666 MHz,512,0,On board,0,15.6,1920 x 1080,1.8,11690000
250,HP,Intel Core i3-1005G1,4 GB, 2666 MHz,512,0,On board,0,14,1920 x 1080,1.346,12490000
251,Lenovo,Intel Core i3-1005G1,8 GB, 2666 MHz,512,0,On board,0,14,1920 x 1080,1.6,12590000
252,Dell,Intel Core i3-1005G1,4 GB, 2666 MHz,256,0,On board,0,14,1920 x 1080,1.66,10890000
253,Dell,Intel Core i5-8265U,4 GB, 2666 MHz,0,1000,On board,0,15.6,1920 x 1080,1.9,15790000
254,Acer,Intel Core i5-1035G1,8 GB, 2400 MHz,512,0,On board,0,15.6,1920 x 1080,1.7,15190000
255,Lenovo,Intel Core i3-1005G1,4 GB, 2666 MHz,512,0,On board,0,15.6,1920 x 1080,1.85,12790000
256,Asus,Intel Pentium-N5030,4 GB, 2666 MHz,512,0,On board,0,15.6,1920 x 1080,1.9,8790000
257,Dell,Intel Core i5-1035G1,8 GB, 2666 MHz,256,0,NVIDIA GeForce MX230,2,15.6,1920 x 1080,2.05,17790000
258,Lenovo,Intel Core i5-1135G7,8 GB, 3200 MHz,512,0,On board,0,15.6,1920 x 1080,1.66,17490000
259,Lenovo,Intel Core i5-1035G1,8 GB, 3200 MHz,512,0,On board,0,14,1920 x 1080,1.5,16190000
260,Acer,Intel Core i3-1005G1,4 GB, 2400 MHz,256,0,On board,0,15.6,1920 x 1080,1.7,11790000
261,Asus,Intel Core i3-10110U,4 GB, 2666 MHz,512,0,On board,0,14,1920 x 1080,1.406,12490000
262,HP,Intel Core i3-1005G1,4 GB, 2666 MHz,256,0,On board,0,15.6,1920 x 1080,1.69,13390000
263,Dell,Intel Core i3-1005G1,4 GB, 2666 MHz,256,0,On board,0,14,1920 x 1080,1.64,12790000
264,Asus,Intel Core i5-10300H,8 GB, 2933 MHz,512,0,NVIDIA GeForce GTX 1650Ti,4,15.6,1920 x 1080,2.3,23990000
265,Asus,Intel Core i3-10110U,4 GB, 2666 MHz,512,0,On board,0,14,1920 x 1080,1.406,12890000
266,HP,Intel Core i5-1135G7,8 GB, 2933 MHz,256,0,On board,0,13.3,1920 x 1080,1.236,22590000
267,Dell,Intel Core i5-1035G1,8 GB, 2666 MHz,512,0,On board,0,15.6,1920 x 1080,1.83,17790000
268,Asus,Intel Core i7-1065G7,8 GB, 2666 MHz,512,0,On board,0,15.6,1920 x 1080,1.8,18690000
269,Dell,Intel Core i5-8265U,4 GB, 2666 MHz,0,1000,NVIDIA Geforce MX130,2,15.6,1920 x 1080,1.91,17290000
270,Asus,Intel Core i5-1135G7,8 GB, 4266 MHz,512,0,On board,0,14,1920 x 1080,1.17,22490000
271,Acer,Intel Core i5-10300H,8 GB, 2933 MHz,512,0,NVIDIA GeForce GTX 1650Ti,4,15.6,1920 x 1080,2.3,23690000
272,Apple,Apple M1,8 GB,8 GB,256,0,On board,0,13.3,2560 x 1600,1.4,34990000
273,Dell,Intel Core i7-1165G7,16 GB, 3200 MHz,512,0,NVIDIA GeForce MX330,2,14,1920 x 1080,1.36,25090000
274,Apple,Apple M1,8 GB,8 GB,512,0,On board,0,13.3,2560 x 1600,1.4,39990000
275,Asus,Intel Pentium-N5000,4 GB, 2666 MHz,512,0,On board,0,15.6,1920 x 1080,1.8,8790000
276,Acer,Intel Core i3-1005G1,8 GB, 2400 MHz,512,0,On board,0,15.6,1920 x 1080,1.7,13790000
277,Asus,Intel Core i5-10210U,8 GB, 2666 MHz,512,0,On board,0,14,1920 x 1080,1.406,15890000
278,Lenovo,Intel Core i5-1035G1,8 GB, 3200 MHz,512,0,On board,0,14,1920 x 1080,1.52,16690000
279,HP,Intel Core i5-1135G7,8 GB, 2933 MHz,512,0,On board,0,13.3,1920 x 1080,1.236,23290000
280,Acer,Intel Core i3-8130U,4 GB, 2400 MHz,0,1000,On board,0,15.6,1920 x 1080,1.7,13290000
281,Apple,Apple M1,8 GB,8 GB,256,0,On board,0,13.3,2560 x 1600,1.29,28990000
282,Huawei,AMD Ryzen 5-3500U,8 GB, 2400 MHz,256,0,On board,0,15.6,1920 x 1080,1.62,15790000
283,Acer,Intel Core i5-1035G1,8 GB, 2666 MHz,512,0,NVIDIA® GeForce® MX350,2,14,1920 x 1080,1.5,18190000
284,Acer,Intel Core i5-1035G1,8 GB, 2400 MHz,512,0,On board,0,15.6,1920 x 1080,1.7,16890000
285,Lenovo,Intel Core i7-10750H,8 GB, 2933 MHz,512,0,NVIDIA GeForce GTX 1650,4,15.6,1920 x 1080,2.2,23490000
286,Lenovo,Intel Core i7-1065G7,8 GB, 2666 MHz,512,0,On board,0,14,1920 x 1080,1.6,18290000
287,Asus,Intel Core i7-10750H,8 GB, 2933 MHz,512,0,NVIDIA GeForce GTX 1650Ti,4,15.6,1920 x 1080,2.3,28490000
288,Asus,Intel Core i5-10210U,8 GB, 2666 MHz,512,0,On board,0,14,1920 x 1080,1.406,16190000
289,Lenovo,Intel Core i3-10110U,4 GB, 2666 MHz,256,0,On board,0,14,1920 x 1080,1.5,11240000
290,Acer,Intel Core i5-8250U,4 GB, 2400 MHz,0,1000,On board,0,14,1920 x 1080,1.5,15990000
291,Lenovo,Intel Core i5-1035G1,8 GB, 3200 MHz,512,0,On board,0,14,1920 x 1080,1.5,18690000
292,Dell,Intel Core i5-1135G7,8 GB, 3200 MHz,512,0,On board,0,14,1920 x 1080,1.72,21490000
293,Asus,Intel Core i5-8265U,4 GB, 2400 MHz,0,1000,NVIDIA Geforce MX150,2,15.6,1920 x 1080,1.76,14470000
294,Lenovo,Intel Core i3-1005G1,8 GB, 3200 MHz,512,0,On board,0,15.6,1920 x 1080,1.7,14790000
295,Acer,Intel Core i5-1035G1,8 GB, 2666 MHz,512,0,On board,0,14,1920 x 1080,1.5,16690000
296,Lenovo,Intel Core i5-1035G4,8 GB, 2666 MHz,512,0,On board,0,15.6,1920 x 1080,1.85,15490000
297,Acer,Intel Core i3-1005G1,4 GB, 2400 MHz,512,0,On board,0,15.6,1920 x 1080,1.7,12790000
298,Apple,Apple M1,8 GB,8 GB,256,0,On board,0,13.3,2560 x 1600,1.29,28990000
299,Acer,Intel Core i5-8250U,4 GB, 2400 MHz,0,1000,On board,0,15.6,1920 x 1080,1.7,16690000
300,Asus,Intel Core i5-10210U,8 GB, 2666 MHz,512,0,NVIDIA GeForce MX250,2,15.6,1920 x 1080,1.67,17790000
301,HP,Intel Core i3-7020U,4 GB, 2133 MHz,0,1000,NVIDIA GeForce MX110,2,15.6,1920 x 1080,1.74,12190000
302,HP,Intel Core i7-1065G7,8 GB, 3200 MHz,512,0,On board,0,13.3,1920 x 1080,1.25,27490000
303,Dell,Intel Core i5-1135G7,8 GB, 3200 MHz,512,0,NVIDIA GeForce MX330,2,15.6,1920 x 1080,1.65,21190000
304,MSI,Intel Core i7-10750H,16 GB, 2666 MHz,512,0,NVIDIA GeForce GTX 1660Ti,6,15.6,1920 x 1080,2.3,32990000
305,HP,Intel Core i7-1165G7,8 GB, 2933 MHz,512,0,On board,0,13.3,1920 x 1080,1.236,28190000
306,Huawei,AMD Ryzen 5-3500U,8 GB, 2400 MHz,512,0,On board,0,15.6,1920 x 1080,1.62,16290000
307,Acer,Intel Core i3-1115G4,4 GB, 2666 MHz,256,0,On board,0,14,1920 x 1080,1.46,13390000
308,HP,Intel Core i3-8145U,4 GB, 2666 MHz,0,1000,On board,0,14,1920 x 1080,1.6,12790000
309,Apple,Apple M1,8 GB,8 GB,512,0,On board,0,13.3,2560 x 1600,1.29,34990000
310,Asus,AMD Ryzen 3-4300U,4 GB, 3200 MHz,256,0,On board,0,14,1920 x 1080,1.5,13290000
311,Apple,Apple M1,8 GB,8 GB,256,0,On board,0,13.3,2560 x 1600,1.29,28990000
312,Asus,Intel Core i5-10210U,8 GB, 2666 MHz,512,0,On board,0,15.6,1920 x 1080,1.65,16690000
313,Asus,Intel Core i5-8265U,4 GB, 2400 MHz,0,1000,On board,0,14,1920 x 1080,1.4,13110000
314,HP,Intel Core i7-10510U,8 GB, 2400 MHz,512,0,NVIDIA GeForce MX250,2,13.3,1920 x 1080,1.17,29490000
315,Lenovo,Intel Core i5-1035G4,8 GB, 3200 MHz,512,0,On board,0,14,1920 x 1080,1.55,22190000
316,Asus,Intel Core i3-8145U,4 GB, 2400 MHz,0,1000,On board,0,15.6,1920 x 1080,1.8,11350000
317,Lenovo,Intel Core i3-1005G1,8 GB, 3200 MHz,512,0,On board,0,14,1920 x 1080,1.5,16290000
318,Lenovo,Intel Core i7-1065G7,8 GB, 3200 MHz,512,0,On board,0,14,1920 x 1080,1.5,22290000
319,Lenovo,Intel Core i3-10110U,8 GB, 2666 MHz,512,0,On board,0,14,1920 x 1080,1.59,16090000
320,Acer,Intel Core i3-1115G4,4 GB, 2666 MHz,512,0,On board,0,14,1920 x 1080,1.46,14290000
321,Lenovo,Intel Core i7-8565U,8 GB, 2400 MHz,512,0,NVIDIA GeForce MX110,2,15.6,1920 x 1080,1.73,18090000
322,Acer,Intel Core i7-10870H,8 GB, 2933 MHz,512,0,NVIDIA GeForce GTX 1650Ti,4,15.6,1920 x 1080,2.3,28990000
323,Asus,Intel Core i7-8550U,4 GB, 2400 MHz,0,1000,NVIDIA Geforce MX130,2,15.6,1920 x 1080,1.8,16690000
324,Lenovo,Intel Core i5-1035G1,8 GB, 3200 MHz,512,0,NVIDIA GeForce MX330,2,15.6,1920 x 1080,1.7,18690000
325,Acer,Intel Core i5-8265U,8 GB, 2400 MHz,256,0,On board,0,14,1920 x 1080,940,23690000
326,Acer,Intel Core i5-1035G1,8 GB, 2666 MHz,512,0,NVIDIA GeForce MX250,2,14,1920 x 1080,1.19,19690000
327,Acer,Intel Core i5-8265U,4 GB, 2666 MHz,0,1000,On board,0,14,1280 x 720,1.9,14690000
328,Dell,Intel Core i5-1135G7,8 GB, 4267 MHz,512,0,On board,0,13.4,1920 x 1200,1.2,38490000
329,Asus,Intel Core i7-8550U,4 GB, 2400 MHz,0,1000,NVIDIA Geforce MX130,2,14,1366 x 768,1.54,16390000
330,Acer,Intel Core i5-1035G1,8 GB, 2666 MHz,512,0,On board,0,14,1920 x 1080,1.19,18690000
331,Dell,Intel Core i5-8265U,8 GB, 2666 MHz,0,2,NVIDIA Geforce MX130,2,15.6,1920 x 1080,1.95,21390000
332,Acer,Intel Core i5-8265U,4 GB, 2133 MHz,256,0,On board,0,14,1920 x 1080,1.5,17690000
333,Apple,Apple M1,8 GB,8 GB,512,0,On board,0,13.3,2560 x 1600,1.29,34990000
334,Dell,Intel Core i5-1135G7,8 GB, 4267 MHz,512,0,NVIDIA GeForce MX330,2,15.6,1920 x 1080,1.64,21490000
335,Lenovo,Intel Core i7-10750H,8 GB, 2933 MHz,256,0,NVIDIA GeForce GTX 1650,4,15.6,1920 x 1080,2.3,28490000
336,Asus,Intel Core i7-8550U,4 GB, 2400 MHz,0,1000,NVIDIA GeForce MX110,2,15.6,1366 x 768,1.8,16390000
337,Lenovo,Intel Core i7-10510U,8 GB, 2666 MHz,512,0,On board,0,13,2160x1350,0.3695,29490000
338,Dell,Intel Core i7-8565U,8 GB, 2666 MHz,256,0,AMD Radeon 520,2,15.6,1920 x 1080,2.28,21490000
339,Lenovo,Intel Core i7-1065G7,8 GB, 3200 MHz,512,0,On board,0,14,1920 x 1080,1.55,24990000
340,Asus,Intel Core i7-8550U,4 GB, 2400 MHz,0,1000,NVIDIA GeForce MX110,2,15.6,1366 x 768,1.8,16390000
341,Lenovo,Intel Core i3-1005G1,8 GB, 2666 MHz,512,0,On board,0,15.6,1920 x 1080,1.79,14090000
342,Lenovo,Intel Core i5-10210U,8 GB, 2666 MHz,512,0,On board,0,13,2160x1350,0.3695,26690000
343,Dell,Intel Core i5-8265U,4 GB, 2666 MHz,256,0,On board,0,13.3,1920 x 1080,2,20290000
344,Asus,Intel Core i3-8145U,4 GB, 2400 MHz,512,0,On board,0,14,1920 x 1080,1.5,12290000
345,Acer,Intel Core i3-8145U,4 GB, 2400 MHz,256,0,On board,0,14,1920 x 1080,1.45,14290000
346,Acer,Intel Core i7-8550U,8 GB, 2400 MHz,128,0,NVIDIA Geforce MX150,2,15.6,1920 x 1080,1.7,23090000
347,HP,Intel Core i5-8265U,4 GB, 2400 MHz,0,1000,On board,0,15.6,1920 x 1080,1.74,14390000
348,Lenovo,Intel Core i5-1035G4,8 GB, 2666 MHz,512,0,On board,0,15.6,1920 x 1080,1.79,15990000
349,Lenovo,Intel Core i5-8250U,4 GB, 2133 MHz,0,1000,On board,0,15.6,1920 x 1080,2.2,12690000
350,Lenovo,Intel Core i5-8265U,8 GB, 2133 MHz,512,0,On board,0,13.3,1920 x 1080,1.09,23690000
351,Dell,Intel Core i5-1135G7,8 GB, 4267 MHz,512,0,On board,0,15.6,1920 x 1080,1.7,20490000
352,Dell,Intel Core i5-8265U,4 GB, 2400 MHz,0,1000,NVIDIA Geforce MX130,2,15.6,1920 x 1080,1.95,17290000
353,HP,Intel Core i5-1035G4,8 GB, 3200 MHz,256,0,On board,0,13.3,1920 x 1080,1.258,21690000
354,Acer,Intel Core i5-8265U,4 GB, 2400 MHz,0,1000,On board,0,15.6,1920 x 1080,1.7,11690000
355,LG,Intel Core i5-1035G7,8 GB, 3200 MHz,512,0,On board,0,15.6,1920 x 1080,1.12,33990000
356,Lenovo,Intel Core i5-8265U,8 GB, 2133 MHz,256,0,On board,0,14,1920 x 1080,1.6,17190000
357,Acer,Intel Core i7-8565U,8 GB, 2133 MHz,256,0,On board,0,14,1920 x 1080,940,27490000
358,LG,Intel Core i5-1035G7,8 GB, 3200 MHz,256,0,On board,0,14,1920 x 1080,0.999,28990000
359,LG,Intel Core i7-1065G7,8 GB, 3200 MHz,512,0,On board,0,17,2560 x 1600,1.35,38490000
360,Asus,Intel Core i3-8145U,4 GB, 2400 MHz,512,0,On board,0,14,1920 x 1080,1.5,12790000
361,Dell,Intel Core i5-1135G7,8 GB, 4267 MHz,512,0,On board,0,13.3,1920 x 1080,1.06,20990000
362,HP,Intel Core i5-10210U,8 GB, 2666 MHz,256,0,NVIDIA Quadro P520,4,14,1920 x 1080,1.41,31590000
363,Dell,Intel Core i7-1165G7,16 GB, 4267 MHz,512,0,On board,0,13.4,3840 x 2400,1.32,58990000
364,Acer,Intel Core i7-8550U,4 GB, 2133 MHz,0,1000,NVIDIA Geforce MX130,2,15.6,1920 x 1080,2.23,16990000
365,Acer,Intel Core i5-8250U,8 GB, 2400 MHz,256,0,On board,0,13.3,1920 x 1080,1.56,21190000
366,Acer,Intel Core i3-8145U,4 GB, 2666 MHz,0,500,On board,0,14,1280 x 720,1.9,11590000
367,HP,Intel Core i5-8265U,4 GB, 2666 MHz,0,1000,NVIDIA Geforce MX130,2,15.6,1920 x 1080,1.82,16190000
368,Lenovo,Intel Core i7-10510U,8 GB, 2666 MHz,512,0,On board,0,14,1920 x 1080,1.5,21490000
369,Acer,Intel Core i7-10750H,8 GB, 2933 MHz,512,0,NVIDIA GeForce GTX 1650Ti,4,15.6,1920 x 1080,2.3,28790000
370,Dell,Intel Core i7-10750H,8 GB, 2933 MHz,512,0,NVIDIA GeForce GTX 1660Ti,6,15.6,1920 x 1080,2.65,30790000
371,Lenovo,Intel Core i7-8550U,8 GB, 2666 MHz,256,0,On board,0,14,1920 x 1080,1.54,20490000
372,Dell,Intel Core i5-1135G7,8 GB, 4267 MHz,256,0,On board,0,13.4,1920 x 1200,1.32,41490000
373,Lenovo,Intel Core i3-8145U,8 GB, 2133 MHz,256,0,On board,0,14,1920 x 1080,1.6,15290000
374,HP,Intel Core i3-8145U,4 GB, 2666 MHz,0,1000,On board,0,15.6,1920 x 1080,1.75,13090000
375,Dell,Intel Core i5-1135G7,8 GB, 4267 MHz,512,0,On board,0,13.3,1920 x 1080,1.37,27390000
376,LG,Intel Core i5-1035G7,8 GB,3200 MHz,256,0,On board,0,14,1920 x 1080,0.999,27990000
377,LG,Intel Core i7-1065G7,8 GB,3200 MHz,512,0,On board,0,17,2560 x 1600,1.35,35990000
378,LG,Intel Core i5-1035G7,8 GB,3200 MHz,512,0,On board,0,15,1920 x 1080,1.12,31990000
379,LG,Intel Core i5-1035G7,8 GB,3200 MHz,256,0,On board,0,14,1920 x 1080,0.999,24990000
380,LG,Intel Core i5-1035G7,8 GB,3200 MHz,512,0,On board,0,14,1920 x 1080,0.999,26990000
381,LG,Intel Core i5-1035G7,8 GB,3200 MHz,512,0,On board,0,15,1920 x 1080,1.12,28990000
382,Acer,Intel Core i7-9750H,16 GB,2666 MHz,512,0,NVIDIA GeForce RTX 2060,6,15.6,1920 x 1080,2.4,35990000
383,MSI,Intel Core i7-9750H,8 GB,2666 MHz,512,0,NVIDIA GeForce GTX 1650Ti,4,15.6,1920 x 1080,1.86,21990000
384,MSI,Intel Core i7-9750H,8 GB,2666 MHz,256,0,NVIDIA GeForce GTX 1650,4,15.6,1920 x 1080,1.86,20990000
385,MSI,Intel Core i5-9300H,8 GB,2666 MHz,256,0,NVIDIA GeForce GTX 1650,4,15.6,1920 x 1080,1.86,17990000
386,ASUS,Intel Core i7-1165G7,16 GB,3200 MHz,512,0,NVIDIA GeForce MX350,2,15.6,1920 x 1080,1.8,23990000
387,ASUS,Intel Core i5-1135G7,8 GB,3200 MHz,512,0,NVIDIA GeForce MX350,2,15.6,1920 x 1080,1.8,21290000
388,Acer,Intel Core i5-10300H,16 GB,2933 MHz,512,0,NVIDIA GeForce RTX 2060,6,15.6,1920 x 1080,2.3,28490000
389,ASUS,Intel Core i5-10210U,8 GB,0 MHz,0,0,On board,0,14,1920 x 1080,0.995,32990000
390,HP,Intel Core i3-1115G4,4 GB,3200 MHz,256,0,On board,0,15.6,1920 x 1080,1.75,14190000
391,MSI,Intel Core i3-10110U,8 GB,3200 MHz,256,0,On board,0,14,1920 x 1080,1.29,13990000
392,MSI,Intel Core i5-1135G7,8 GB,3200 MHz,512,0,On board,0,15.6,1920 x 1080,1.6,18990000
393,ASUS,Intel Core i7-10750H,8 GB,3200 MHz,512,0,NVIDIA GeForce GTX 1650Ti,4,15.6,1920 x 1080,2.3,25990000
394,HP,Intel Core i9-10885H,32 GB,2933 MHz,1000,0,NVIDIA GeForce GTX 1650Ti,4,15.6,1920 x 1080,1.8,84990000
395,HP,Intel Core i7-10750H,16 GB,2933 MHz,0,0,NVIDIA GeForce GTX 1650Ti,4,15.6,1920 x 1080,1.8,61490000
396,ASUS,Intel Core i3-1115G4,4 GB,2666 MHz,256,0,On board,0,14,1920 x 1080,1.4,12290000
397,HP,Intel Core i7-1165G7,16 GB,2933 MHz,1000,0,On board,0,13.3,1920 x 1080,1.31,31490000
398,HP,Intel Core i7-1165G7,8 GB,3200 MHz,512,0,On board,0,13.3,1920 x 1080,1.3,26490000
399,HP,Intel Core i5-1135G7,8 GB,3200 MHz,256,0,On board,0,13.3,1920 x 1080,1.3,21990000
400,HP,Intel Core i5-1135G7,8 GB,2666 MHz,512,0,On board,0,13.3,1920 x 1080,1.3,22990000
401,Avita,AMD Ryzen 7-3700U,8 GB,2400 MHz,512,0,On board,0,14,1920 x 1080,1.3,14490000
402,Lenovo,Intel Core i7-10870H,16 GB,3200 MHz,1000,0,NVIDIA GeForce RTX 2060,6,15.6,1920 x 1080,2.25,54990000
403,MSI,Intel Core i7-1185G7,16 GB,3200 MHz,512,0,NVIDIA GeForce GTX 1650,4,15.6,1920 x 1080,1.69,32990000
404,MSI,Intel Core i7-1185G7,32 GB,3200 MHz,1000,0,NVIDIA GeForce GTX 1650,4,15.6,3840 x 2160,1.69,45990000
405,Dell,Intel Core i7-10750H,16 GB,3200 MHz,512,0,NVIDIA GeForce GTX 1660Ti,6,15.6,1920 x 1080,2.34,28990000
406,Lenovo,Intel Core i7-10750H,16 GB,3200 MHz,512,0,NVIDIA GeForce GTX 1660Ti,6,15.6,1920 x 1080,2.3,35990000
407,Lenovo,Intel Core i5-10300H,8 GB,2933 MHz,512,0,NVIDIA GeForce GTX 1660Ti,6,15.6,1920 x 1080,2.3,29490000
408,Lenovo,Intel Core i5-10300H,8 GB,2933 MHz,512,0,NVIDIA GeForce GTX 1650,4,15.6,1920 x 1080,2.2,19990000
409,HP,AMD Ryzen 7-4700U,8 GB,3200 MHz,512,0,On board,0,15.6,1920 x 1080,2,21590000
410,Lenovo,Intel Core i5-10300H,8 GB,2933 MHz,512,0,NVIDIA GeForce GTX 1650Ti,4,15.6,1920 x 1080,2.3,26990000
411,HP,AMD Ryzen 5-4500U,4 GB,3200 MHz,256,0,On board,0,15.6,1920 x 1080,2,16590000
412,HP,AMD Ryzen 5-4500U,8 GB,3200 MHz,512,0,On board,0,14,1920 x 1080,1.6,17990000
413,HP,AMD Ryzen 3-4300U,4 GB,3200 MHz,256,0,On board,0,14,1366 x 768,1.6,12990000
414,MSI,Intel Core i5-9300H,8 GB,2666 MHz,512,0,NVIDIA GeForce GTX 1650Ti,4,15.6,1920 x 1080,1.86,19990000
415,ASUS,Intel Core i7-10750H,8 GB,3200 MHz,512,0,NVIDIA GeForce GTX 1650Ti,4,15.6,1920 x 1080,2.3,25990000
416,HP,AMD Ryzen 5-4600H,8 GB,3200 MHz,0,1000,NVIDIA GeForce GTX 1650,4,15.6,1920 x 1080,1.98,18990000
417,HP,AMD Ryzen 7-4800H,8 GB,3200 MHz,512,0,NVIDIA GeForce GTX 1650,4,15.6,1920 x 1080,1.98,23990000
418,Lenovo,Intel Core i7-10750H,8 GB,2933 MHz,512,0,NVIDIA GeForce GTX 1650,4,15.6,1920 x 1080,2.2,21990000
419,ASUS,Intel Core i7-10510U,16 GB,2133 MHz,1000,0,On board,0,14,1920 x 1080,0.995,44990000
420,Lenovo,Intel Core i7-10750H,8 GB,2933 MHz,512,0,NVIDIA GeForce GTX 1650,4,15.6,1920 x 1080,2.3,25990000
421,Lenovo,Intel Core i5-10300H,8 GB,2933 MHz,512,0,NVIDIA GeForce GTX 1650,4,15.6,1920 x 1080,2.3,23490000
422,Acer,AMD Ryzen 5-4600H,8 GB,3200 MHz,512,0,NVIDIA GeForce GTX 1650Ti,4,15.6,1920 x 1080,2.2,21490000
423,MSI,Intel Core i5-10300H,8 GB,2666 MHz,512,0,NVIDIA GeForce GTX1650,4,15.6,1920 x 1080,1.86,20490000
424,MSI,Intel Core i7-10875H,16 GB,2666 MHz,1000,0,NVIDIA GeForce RTX 2070,8,15.6,1920 x 1080,2.38,56990000
425,Acer,Intel Core i5-1035G1,4 GB,2666 MHz,512,0,On board,0,15.6,1920 x 1080,1.7,14990000
426,Lenovo,AMD Ryzen 5-4600H,8 GB,3200 MHz,512,0,On board,0,15.6,1920 x 1080,2.3,23990000
427,MSI,Intel Core i7-10875H,32 GB,3200 MHz,1000,0,NVIDIA GeForce RTX 2070,8,15.6,1920 x 1080,2.38,53490000
428,HP,Intel Core i5-9300H,8 GB,2666 MHz,256,0,NVIDIA GeForce GTX 1650,4,15.6,1920 x 1080,2.23,18490000
429,ASUS,Intel Core i3-1115G4,4 GB,2666 MHz,256,0,On board,0,14,1920 x 1080,1.4,12290000
430,Acer,Intel Core i5-1135G7,8 GB,2666 MHz,512,0,On board,0,15.6,1920 x 1080,1.65,17490000
431,MSI,Intel Core i5-9300H,8 GB,2666 MHz,512,0,NVIDIA GeForce GTX 1650,4,15.6,1920 x 1080,1.86,17490000
432,HP,Intel Core i3-1005G1,4 GB,2666 MHz,256,0,On board,0,14,1366 x 768,1.47,10490000
433,HP,Intel Core i3-1005G1,4 GB,2666 MHz,256,0,On board,0,15.6,1366 x 768,1.65,10290000
434,Dell,Intel Core i5-1135G7,8 GB,3200 MHz,512,0,NVIDIA GeForce MX330,2,15.6,1920 x 1080,1.65,21690000
435,ASUS,Intel Core i5-1135G7,8 GB,2666 MHz,512,0,NVIDIA GeForce MX330,2,14,1920 x 1080,1.4,18390000
436,Avita,Intel Core i5-10210U,8 GB,2400 MHz,512,0,On board,0,14,1920 x 1080,1.28,16490000
437,Avita,Intel Core i5-10210U,8 GB,2400 MHz,512,0,On board,0,14,1920 x 1080,1.28,16490000
438,Avita,Intel Core i5-10210U,8 GB,2400 MHz,512,0,On board,0,14,1920 x 1080,1.28,16490000
439,Avita,Intel Core i5-10210U,8 GB,2400 MHz,512,0,On board,0,14,1920 x 1080,1.28,16490000
440,Avita,Intel Core i5-10210U,8 GB,2400 MHz,512,0,On board,0,14,1920 x 1080,1.28,16490000
441,ASUS,Intel Core i7-1165G7,8 GB,2666 MHz,512,0,NVIDIA GeForce MX330,2,14,1920 x 1080,1.4,20990000
442,ASUS,Intel Core i7-10750H,16 GB,3200 MHz,512,0,NVIDIA GeForce GTX 1660Ti,6,15.6,1920 x 1080,1.9,39990000
443,ASUS,Intel Core i5-1135G7,8 GB,3200 MHz,512,0,On board,0,15.6,1920 x 1080,1.8,19290000
444,ASUS,Intel Core i5-1135G7,8 GB,3200 MHz,512,0,On board,0,15.6,1920 x 1080,1.8,19290000
445,Dell,Intel Core i5-10300H,8 GB,2933 MHz,512,0,NVIDIA GeForce GTX 1650Ti,4,15.6,1920 x 1080,1.9,25990000
446,MSI,Intel Core i7-1165G7,8 GB,3200 MHz,512,0,On board,0,14,1920 x 1080,1.3,21990000
447,MSI,Intel Core i7-1165G7,8 GB,3200 MHz,512,0,On board,0,14,1920 x 1080,1.3,21990000
448,MSI,Intel Core i7-1185G7,8 GB,0 MHz,512,0,NVIDIA GeForce GTX1650,4,14,1920 x 1080,1.29,32990000
449,Dell,Intel Core i5-1135G7,8 GB,4267 MHz,512,0,On board,0,13.3,1920 x 1080,1.37,25990000
450,ASUS,Intel Core i5-1135G7,8 GB,3200 MHz,512,0,On board,0,15.6,1920 x 1080,1.8,18590000
451,Dell,Intel Core i5-1135G7,8 GB,3200 MHz,256,0,On board,0,15.6,1920 x 1080,1.7,18990000
452,Dell,Intel Core i5-1135G7,8 GB,3200 MHz,512,0,On board,0,15.6,1920 x 1080,1.65,20490000
453,Dell,Intel Core i5-1035G1,8 GB,2666 MHz,256,0,On board,0,15.6,1920 x 1080,2.15,15590000
454,ASUS,AMD Ryzen 3-4300U,4 GB,3200 MHz,256,0,On board,0,14,1920 x 1080,1.5,12990000
455,Dell,AMD Ryzen 3-3200U,4 GB,2400 MHz,256,0,On board,0,15.6,1920 x 1080,1.96,11990000
456,ASUS,Intel Core i5-1135G7,8 GB,3200 MHz,512,0,NVIDIA GeForce MX350,2,14,1920 x 1080,1.4,20990000
457,HP,Intel Core i7-10750H,8 GB,3200 MHz,512,0,NVIDIA GeForce GTX 1650Ti,4,15.6,1920 x 1080,2.23,27490000
458,ASUS,AMD Ryzen 3-3250U,4 GB,2400 MHz,256,0,On board,0,15.6,1920 x 1080,1.9,9790000
459,HP,Intel Core i7-10750H,16 GB,2933 MHz,1000,0,NVIDIA GeForce GTX 1660Ti,6,15.6,1920 x 1080,2.14,54990000
460,Acer,Intel Core i5-1135G7,8 GB,2666 MHz,512,0,NVIDIA GeForce MX350,2,15.6,1920 x 1080,1.7,17490000
461,Dell,Intel Core i7-1165G7,8 GB,3200 MHz,512,0,NVIDIA GeForce MX330,2,15.6,1920 x 1080,1.65,23490000
462,ASUS,Intel Core i5-1135G7,8 GB,3200 MHz,256,0,On board,0,13.3,1920 x 1080,1.11,21490000
463,ASUS,Intel Core i5-1135G7,8 GB,3200 MHz,256,0,On board,0,13.3,1920 x 1080,1.11,19990000
464,Acer,Intel Core i5-1135G7,8 GB,2666 MHz,512,0,On board,0,14,1920 x 1080,1.45,15990000
465,ASUS,Intel Core i7-1165G7,16 GB,3200 MHz,512,0,NVIDIA GeForce MX450,2,14,1920 x 1080,1.29,32990000
466,ASUS,Intel Core i5-1135G7,8 GB,3200 MHz,512,0,On board,0,14,1920 x 1080,1.19,24990000
467,ASUS,Intel Core i5-1135G7,8 GB,3200 MHz,512,0,On board,0,14,1920 x 1080,1.17,21990000
468,Acer,Intel Core i5-1135G7,16 GB,4266 MHz,1000,0,On board,0,14,1920 x 1080,1.37,24990000
469,ASUS,Intel Core i3-1115G4,4 GB,2666 MHz,0,0,On board,0,15.6,1920 x 1080,1.7,13890000
470,ASUS,Intel Core i3-1115G4,4 GB,2666 MHz,512,0,On board,0,15.6,1920 x 1080,1.7,13890000
471,Acer,Intel Core i7-10750H,16 GB,3200 MHz,512,0,NVIDIA GeForce RTX 2060,6,15.6,1920 x 1080,2.2,39490000
472,MSI,Intel Core i5-1135G7,8 GB,3200 MHz,512,0,NVIDIA GeForce MX450,2,14,1920 x 1080,1.3,20990000
473,ASUS,Intel Core i5-1135G7,8 GB,2666 MHz,512,0,On board,0,15.6,1920 x 1080,1.7,17490000
474,ASUS,Intel Core i5-1135G7,8 GB,2666 MHz,512,0,On board,0,14,1920 x 1080,1.4,17290000
475,ASUS,Intel Core i5-1135G7,8 GB,3200 MHz,512,0,On board,0,14,1920 x 1080,1.17,22990000
476,ASUS,Intel Core i5-10300H,8 GB,2933 MHz,0,0,NVIDIA GeForce GTX 1650Ti,4,15.6,1920 x 1080,2.2,20990000
477,ASUS,Intel Core i7-10870H,8 GB,3200 MHz,0,0,NVIDIA GeForce GTX 1650Ti,4,15.6,1920 x 1080,2.2,24490000
478,ASUS,Intel Core i7-10870H,8 GB,3200 MHz,0,0,NVIDIA GeForce GTX 1660Ti,6,15.6,1920 x 1080,2.3,27990000
479,MSI,Intel Core i5-9300H,8 GB,2666 MHz,512,0,NVIDIA GeForce GTX 1650Ti,4,15.6,1920 x 1080,1.86,19490000
480,Acer,Intel Core i5-1135G7,8 GB,4266 MHz,512,0,On board,0,14,1920 x 1080,1.37,20990000
481,Acer,Intel Core i5-1135G7,8 GB,4266 MHz,512,0,On board,0,13.5,2256 x 1504,1.2,19990000
482,Acer,AMD Ryzen 5-4500U,16 GB,4266 MHz,1000,0,On board,0,14,1920 x 1080,1.2,19990000
483,Avita,Intel Core i5-10210U,8 GB,2400 MHz,512,0,On board,0,14,1920 x 1080,1.28,15490000
484,Lenovo,AMD Ryzen 5-4600H,8 GB,3200 MHz,256,0,NVIDIA GeForce GTX 1650,4,15.6,1920 x 1080,2.2,17990000
485,MSI,AMD Ryzen 5-4600H,16 GB,3200 MHz,512,0,AMD Radeon RX 5500M,4,17.3,1920 x 1080,2.3,21990000
486,Lenovo,AMD Ryzen 7-4800H,8 GB,3200 MHz,512,0,On board,0,15.6,1920 x 1080,2.3,26790000
487,MSI,Intel Core i7-10750H,16 GB,2666 MHz,512,0,NVIDIA GeForce GTX 1660Ti,6,17.3,1920 x 1080,2.6,30390000
488,MSI,Intel Core i7-1185G7,16 GB,0 MHz,512,0,On board,0,14,1920 x 1080,1.29,27990000
489,MSI,Intel Core i5-1135G7,8 GB,3200 MHz,512,0,NVIDIA GeForce MX450,2,14,1920 x 1080,1.3,20990000
490,MSI,Intel Core i7-1165G7,8 GB,3200 MHz,512,0,On board,0,14,1920 x 1080,1.3,21490000
491,ASUS,Intel Core i5-1135G7,8 GB,3200 MHz,512,0,On board,0,14,1920 x 1080,1.4,18990000
492,ASUS,Intel Core i5-1135G7,8 GB,3200 MHz,512,0,On board,0,14,1920 x 1080,1.4,18990000
493,ASUS,Intel Core i5-1135G7,8 GB,3200 MHz,512,0,On board,0,14,1920 x 1080,1.4,18990000
494,ASUS,Intel Core i7-1165G7,16 GB,3200 MHz,512,0,On board,0,14,1920 x 1080,1.4,22490000
495,HP,Intel Core i5-10300H,8 GB,3200 MHz,512,0,NVIDIA GeForce GTX 1650,4,15.6,1920 x 1080,2.23,21990000
496,Lenovo,AMD Ryzen 5-4600H,8 GB,3200 MHz,256,0,NVIDIA GeForce GTX 1650,4,15.6,1920 x 1080,2.2,17990000
497,Dell,Intel Core i7-10750H,8 GB,3200 MHz,512,0,NVIDIA GeForce GTX 1650Ti,4,15.6,1920 x 1080,2.34,25990000
498,Dell,Intel Core i7-10750H,16 GB,0 MHz,1000,0,NVIDIA GeForce RTX 2070,8,15.6,1920 x 1080,2.65,41990000
499,Dell,Intel Core i5-10300H,8 GB,3200 MHz,0,1000,NVIDIA GeForce GTX 1650,4,15.6,1920 x 1080,2.45,20990000
500,ASUS,Intel Core i7-10875H,16 GB,3200 MHz,1000,0,NVIDIA GeForce RTX 2070,8,15.6,1920 x 1080,2,61990000
501,ASUS,AMD Ryzen 9-4900H,16 GB,3200 MHz,1024,0,NVIDIA GeForce GTX 2060,6,14,2560 x 1440,1.7,43490000
502,Lenovo,AMD Ryzen 7-4800H,8 GB,3200 MHz,512,0,NVIDIA GeForce GTX 1650,4,15.6,1920 x 1080,2.2,20990000
503,Lenovo,AMD Ryzen 5-4600H,8 GB,3200 MHz,512,0,NVIDIA GeForce GTX 1650,4,15.6,1920 x 1080,2.2,17990000
504,ASUS,AMD Ryzen 7-4700U,8 GB,3200 MHz,512,0,On board,0,15.6,1920 x 1080,1.8,19290000
505,HP,Intel Core i7-10750H,8 GB,3200 MHz,512,0,NVIDIA GeForce GTX 1650,4,15.6,1920 x 1080,2.23,26490000
506,Acer,Intel Core i5-10300H,8 GB,3200 MHz,512,0,NVIDIA GeForce GTX 1650Ti,4,15.6,1920 x 1080,2.3,20990000
507,HP,Intel Core i5-10300H,8 GB,3200 MHz,512,0,NVIDIA GeForce GTX 1650,4,15.6,1920 x 1080,2.23,21490000
508,HP,Intel Core i7-10750H,8 GB,3200 MHz,512,0,NVIDIA GeForce GTX 1650Ti,4,15.6,1920 x 1080,2.23,26990000
509,ASUS,AMD Ryzen 7-4700U,8 GB,3200 MHz,512,0,On board,0,15.6,1920 x 1080,1.8,19290000
510,HP,Intel Core i3-1005G1,4 GB,3200 MHz,256,0,On board,0,14,1920 x 1080,1.61,13490000
511,HP,Intel Core i5-1035G4,8 GB,2666 MHz,256,0,On board,0,13.3,1920 x 1080,1.3,20490000
512,ASUS,Intel Core i5-10210U,8 GB,2666 MHz,512,0,On board,0,14,1920 x 1080,1.4,18490000
513,Dell,Intel Core i5-1035G1,4 GB,2666 MHz,256,0,NVIDIA GeForce MX230,2,15.6,1920 x 1080,2.19,16790000
514,ASUS,AMD Ryzen 7-4800H,16 GB,3200 MHz,512,0,NVIDIA GeForce GTX 1650Ti,4,14,1920 x 1080,1.7,30990000
515,ASUS,Intel Core i7-10750H,16 GB,2933 MHz,512,0,NVIDIA GeForce RTX 2060,6,17.3,1920 x 1080,2.85,35990000
516,Lenovo,Intel Core i5-10300H,8 GB,2933 MHz,512,0,NVIDIA GeForce GTX 1650,4,15.6,1920 x 1080,2.2,19990000
517,Acer,AMD Ryzen 5-4500U,8 GB,3733 MHz,512,0,On board,0,14,1920 x 1080,1.19,18190000
518,ASUS,Intel Core i5-1035G1,4 GB,2400 MHz,512,0,NVIDIA GeForce MX330,2,15.6,1920 x 1080,1.8,15490000
519,MSI,Intel Core i7-10750H,16 GB,2666 MHz,1000,0,NVIDIA GeForce RTX 2060,6,15.6,1920 x 1080,2.3,36990000
520,ASUS,AMD Ryzen 5-4600H,8 GB,3200 MHz,512,0,NVIDIA GeForce GTX 1650Ti,4,15.6,1920 x 1080,2.3,20490000
521,ASUS,AMD Ryzen 7-4800H,16 GB,3200 MHz,512,0,NVIDIA GeForce GTX 1650Ti,4,14,1920 x 1080,1.7,30990000
522,ASUS,AMD Ryzen 7-4800H,8 GB,3200 MHz,512,0,NVIDIA GeForce GTX 1650Ti,4,15.6,1920 x 1080,2.3,21990000
523,ASUS,AMD Ryzen 5-4600H,8 GB,3200 MHz,512,0,NVIDIA GeForce GTX 1650Ti,4,17.3,1920 x 1080,2.6,20990000
524,ASUS,Intel Core i5-1035G1,4 GB,2400 MHz,512,0,On board,0,15.6,1920 x 1080,1.8,13990000
525,Dell,Intel Core i5-9300H,8 GB,2666 MHz,256,0,NVIDIA GeForce GTX 1050,3,15.6,1920 x 1080,1.87,21990000
526,HP,Intel Core i5-8265U,4 GB,2666 MHz,0,1000,NVIDIA GeForce MX130,2,15.6,1920 x 1080,1.85,13990000
527,MSI,Intel Core i7-10750H,8 GB,2666 MHz,512,0,NVIDIA GeForce GTX 1650,4,15.6,1920 x 1080,2.3,24990000
528,ASUS,Intel Core i7-1165G7,16 GB,3200 MHz,512,0,On board,0,14,1920 x 1080,1.17,28990000
529,MSI,AMD Ryzen 5-4600H,8 GB,3200 MHz,256,0,AMD Radeon RX 5300M,3,15.6,1920 x 1080,1.96,17990000
530,MSI,Intel Core i7-10750H,8 GB,2666 MHz,512,0,NVIDIA GeForce GTX 1650,4,15.6,1920 x 1080,2.3,22490000
531,Acer,Intel Core i7-10750H,8 GB,2933 MHz,512,0,NVIDIA GeForce GTX 1650Ti,4,15.6,1920 x 1080,2.3,25990000
532,ASUS,Intel Core i5-10300H,8 GB,3200 MHz,512,0,NVIDIA GeForce GTX 1650Ti,4,15.6,1920 x 1080,2.39,22490000
533,ASUS,AMD Ryzen 7-4800H,8 GB,3200 MHz,512,0,NVIDIA GeForce GTX 1660Ti,6,15.6,1920 x 1080,2.3,25990000
534,ASUS,AMD Ryzen 7-4800H,16 GB,3200 MHz,1024,0,NVIDIA GeForce RTX 2060,6,15.6,1920 x 1080,2.3,29990000
535,MSI,Intel Core i7-10750H,16 GB,2666 MHz,512,0,NVIDIA GeForce GTX 1660Ti,6,15.6,1920 x 1080,2.3,29990000
536,Acer,Intel Core i7-10750H,8 GB,2933 MHz,512,0,NVIDIA GeForce GTX 1650Ti,4,15.6,1920 x 1080,2.3,25490000
537,Acer,AMD Ryzen 7-3700U,8 GB,2400 MHz,512,0,On board,0,14,1920 x 1080,1.5,14990000
538,HP,Intel Core i5-8265U,4 GB,2666 MHz,0,1000,On board,0,15.6,1920 x 1080,1.85,12990000
539,ASUS,AMD Ryzen 7-4800H,8 GB,3200 MHz,512,0,NVIDIA GeForce GTX 1660Ti,6,17.3,1920 x 1080,2.6,25990000
540,Avita,Intel Core i7-10510U,8 GB,2400 MHz,1000,0,On board,0,14,1920 x 1080,1.28,20490000
541,ASUS,AMD Ryzen 3-3250U,4 GB,2400 MHz,256,0,On board,0,14,1920 x 1080,1.6,9490000
542,Dell,Intel Core i5-1135G7,8 GB,3200 MHz,512,0,NVIDIA GeForce MX230,2,14,1920 x 1080,1.72,24490000
543,Dell,Intel Core i5-10210U,8 GB,2666 MHz,512,0,NVIDIA GeForce MX230,2,14,1920 x 1080,1.42,19990000
544,Lenovo,Intel Core i5-1135G7,8 GB,3200 MHz,512,0,On board,0,14,1920 x 1080,1.36,22990000
545,HP,Intel Core i7-1165G7,16 GB,3200 MHz,512,0,NVIDIA GeForce MX450,2,15.6,1920 x 1080,1.74,30190000
546,HP,Intel Core i7-1165G7,8 GB,3200 MHz,512,0,NVIDIA GeForce MX450,2,15.6,1920 x 1080,1.74,25890000
547,HP,Intel Core i7-1165G7,8 GB,3200 MHz,512,0,On board,0,15.6,1920 x 1080,1.74,24390000
548,HP,Intel Core i5-1135G7,8 GB,3200 MHz,256,0,On board,0,15.6,1920 x 1080,1.74,18990000
549,HP,Intel Core i5-1135G7,8 GB,3200 MHz,512,0,On board,0,15.6,1920 x 1080,1.74,28190000
550,HP,Intel Core i7-1165G7,16 GB,3200 MHz,512,0,On board,0,14,1920 x 1080,1.38,25490000
551,HP,Intel Core i5-1135G7,8 GB,2666 MHz,256,0,On board,0,15.6,1366 x 768,1.65,15590000
552,HP,Intel Core i7-1165G7,8 GB,2666 MHz,512,0,On board,0,15.6,1366 x 768,1.65,18490000
553,HP,Intel Core i5-1135G7,8 GB,2666 MHz,512,0,On board,0,0,1366 x 768,1.65,16590000
554,MSI,Intel Core i5-1135G7,8 GB,3200 MHz,512,0,On board,0,15.6,1920 x 1080,1.6,18990000
555,Dell,Intel Core i5-1135G7,8 GB,4267 MHz,512,0,On board,0,13.4,1920 x 1200,1.27,39990000
556,Dell,Intel Core i7-10510U,8 GB,2666 MHz,512,0,NVIDIA GeForce MX230,2,14,1920 x 1080,1.42,23490000
557,Dell,Intel Core i5-1135G7,8 GB,3200 MHz,512,0,On board,0,14,1920 x 1080,1.72,21590000
558,HP,Intel Core i7-10510U,16 GB,2933 MHz,512,0,On board,0,14,1920 x 1080,1.32,48990000
559,Dell,Intel Core i7-1165G7,16 GB,4267 MHz,512,0,On board,0,13.4,3840 x 2400,1.27,59990000
560,Dell,Intel Core i5-1135G7,8 GB,3200 MHz,512,0,NVIDIA GeForce MX330,2,15.6,1920 x 1080,1.7,21490000
561,Dell,Intel Core i7-1165G7,8 GB,3200 MHz,512,0,NVIDIA GeForce MX230,2,14,1920 x 1080,1.72,26990000
562,HP,Intel Core i7-10510U,16 GB,2933 MHz,512,0,On board,0,13.3,1920 x 1080,1.21,48990000
563,Lenovo,AMD Ryzen 7-4800H,8 GB,3200 MHz,512,0,NVIDIA GeForce GTX 1660Ti,4,15.6,1920 x 1080,2.46,29990000
564,Dell,Intel Core i3-1005G1,4 GB,2666 MHz,256,0,On board,0,15.6,1920 x 1080,1.91,11490000
565,Dell,Intel Core i7-1165G7,16 GB,3200 MHz,512,0,NVIDIA GeForce MX330,2,15.6,1920 x 1080,1.7,25990000
566,Dell,Intel Core i7-10750H,8 GB,2933 MHz,512,0,NVIDIA GeForce GTX 1650Ti,4,15.6,1920 x 1080,1.851,30490000
567,Lenovo,Intel Core i7-1165G7,8 GB,3200 MHz,512,0,On board,0,14,1920 x 1080,1.36,25990000
568,HP,Intel Core i7-10510U,16 GB,2666 MHz,512,0,On board,0,13.3,1920 x 1080,1.31,38290000
569,MSI,Intel Core i7-10750H,8 GB,2666 MHz,512,0,NVIDIA GeForce GTX 1650Ti,4,17.3,1920 x 1080,2.2,23590000
570,HP,Intel Core i7-8750H,16 GB,2666 MHz,512,0,NVIDIA GeForce GTX 1050,4,15.6,1920 x 1080,2.06,35590000
571,HP,Intel Core i5-8300H,8 GB,2666 MHz,256,0,NVIDIA GeForce GTX 1050,4,15.6,1920 x 1080,2.06,29990000
572,HP,intel core i7-10510U,16 GB,0 MHz,512,0,NVIDIA Quadro P520,4,14,1920 x 1080,1.41,38900000
573,HP,Intel Core i7-10750H,32 GB,0 MHz,512,0,NVIDIA GeForce GTX 1650Ti,4,0,1920 x 1080,2.76,63490000
574,HP,Intel Core i7-10750H,16 GB,2933 MHz,0,0,NVIDIA GeForce RTX 2070,8,15.6,1920 x 1080,2.36,0
575,HP,Intel Core i5-1135G7,8 GB,3200 MHz,512,0,On board,0,15.6,1920 x 1080,1.75,17690000
576,Creator,Intel Core i7-10750H,16 GB,2666 MHz,1000,0,NVIDIA GeForce GTX 1650Ti,4,14,1920 x 1080,1.73,51990000
577,MSI,Intel Core i7-10870H,16 GB,3200 MHz,1000,0,NVIDIA GeForce RTX2070,8,15.6,1920 x 1080,2.1,57990000
578,Dell,Intel Core i7-10750H,8 GB,3200 MHz,512,0,NVIDIA GeForce GTX 1660Ti,6,15.6,1920 x 1080,2.56,38990000
579,Dell,Intel Core i7-10750H,16 GB,3200 MHz,512,0,NVIDIA GeForce RTX 2060,6,15.6,1920 x 1080,2.56,39990000
580,Acer,Intel Core i5-1135G7,8 GB,2666 MHz,256,0,On board,0,14,1920 x 1080,1.46,15490000
581,ASUS,AMD Ryzen 5-4500U,8 GB,3733 MHz,512,0,On board,0,14,1920 x 1080,1.26,19990000
582,Dell,Intel Core i7-10750H,16 GB,3200 MHz,512,0,NVIDIA GeForce RTX 2060,6,15.6,1920 x 1080,2.65,32990000
583,Acer,Intel Core i5-1135G7,8 GB,4267 MHz,512,0,On board,0,14,1920 x 1080,1.05,25990000
584,Acer,Intel Core i3-1115G4,4 GB,2666 MHz,256,0,On board,0,14,1920 x 1080,1.45,11990000
585,MSI,Intel Core i7-1185G7,16 GB,3200 MHz,512,0,NVIDIA GeForce GTX 1660Ti,6,15.6,1920 x 1080,1.69,33990000
586,MSI,Intel Core i7-1185G7,16 GB,3200 MHz,512,0,NVIDIA GeForce GTX 1660Ti,6,15.6,1920 x 1080,1.69,33990000
587,Acer,Intel Core i7-10750H,8 GB,2933 MHz,512,0,NVIDIA GeForce GTX 1660Ti,6,15.6,1920 x 1080,2.2,32990000
588,Dell,Intel Core i7-10750H,8 GB,2933 MHz,512,0,NVIDIA GeForce GTX 1660Ti,6,15.6,1920 x 1080,2.65,28990000
589,ASUS,AMD Ryzen 5-4500U,8 GB,3733 MHz,512,0,On board,0,14,1920 x 1080,1.26,19990000
590,ASUS,AMD Ryzen 7-4800H,16 GB,3200 MHz,512,0,NVIDIA GeForce GTX 1650Ti,4,14,1920 x 1080,1.7,32990000
591,Lenovo,Intel Core i5-10210U,8 GB,2666 MHz,512,0,On board,0,13.3,1920 x 1080,1.22,31490000
592,Lenovo,Intel Core i7-10510U,8 GB,2666 MHz,512,0,On board,0,14,1920 x 1080,1.27,34990000
593,Lenovo,Intel Core i5-10210U,8 GB,2666 MHz,512,0,On board,0,14,1920 x 1080,1.27,33990000
594,Lenovo,Intel Core i5-10210U,8 GB,2666 MHz,512,0,On board,0,14,1920 x 1080,1.27,29590000
595,Lenovo,Intel Core i5-10210U,8 GB,2666 MHz,512,0,On board,0,14,1920 x 1080,1.69,17190000
596,Lenovo,Intel Core i5-10210U,8 GB,2666 MHz,256,0,On board,0,14,1920 x 1080,1.69,16990000
597,HP,Intel Core i3-1005G1,4 GB,3200 MHz,512,0,On board,0,14,1920 x 1080,1.61,13990000
598,ASUS,Intel Core i7-10875H,16 GB,3200 MHz,1000,0,NVIDIA GeForce RTX 2070,8,17.3,1920 x 1080,2.88,59990000
599,MSI,Intel Core i9-10980H,16 GB,3200 MHz,0,1000,NVIDIA GeForce RTX 2070,8,17.3,1920 x 1080,2.64,61990000
600,MSI,Intel Core i7-10750H,16 GB,3200 MHz,0,0,NVIDIA GeForce RTX 2060,6,15.6,1920 x 1080,2.1,43490000
601,MSI,Intel Core i7-10510U,8 GB,2666 MHz,512,0,NVIDIA GeForce MX330,2,14,1920 x 1080,1.19,22490000
602,Acer,Intel Core i3-1005G1,4 GB,2666 MHz,512,0,On board,0,14,1920 x 1080,1.5,11990000
603,Acer,Intel Core i3-1005G1,4 GB,2666 MHz,256,0,On board,0,14,1920 x 1080,1.5,10990000
604,Acer,Intel Core i3-1005G1,4 GB,2666 MHz,256,0,On board,0,15.6,1920 x 1080,1.7,9990000
605,HP,AMD Ryzen 7-3700U,8 GB,2400 MHz,512,0,On board,0,13.3,1920 x 1080,1.3,24990000
606,Dell,Intel Core i5-10210U,8 GB,2133 MHz,512,0,NVIDIA GeForce MX250,2,14,1920 x 1080,1.095,26990000
607,Dell,Intel Core i7-8565U,8 GB,2666 MHz,0,1000,AMD Radeon 520,2,15.6,1920 x 1080,2.16,17990000
608,HP,Intel Core i5-8265U,4 GB,2666 MHz,0,1000,NVIDIA GeForce MX130,2,15.6,1920 x 1080,1.85,13490000
609,Lenovo,Intel Core i7-1165G7,8 GB,3200MHz,512,0,On board,0,14, 1920 x 1080 ,1,25990000
610,HP,Intel Core i7-1165G7,16 GB,3200MHz,512,0,NVIDIA GeForce MX450,2,15.6, 1920 x 1080 ,1,30190000
611,HP,Intel Core i7-1165G7,8 GB,3200MHz,512,0,NVIDIA GeForce MX450,2,15.6, 1920 x 1080 ,1,25890000
612,HP,Intel Core i7-1165G7,8 GB,3200MHz,512,0,On board,0,15.6, 1920 x 1080 ,1,24390000
613,HP,Intel Core i5-1135G7,8 GB,3200MHz,256,0,On board,0,15.6, 1920 x 1080 ,1,18990000
614,ASUS,Intel Core i3-1115G4,4 GB,3200MHz,256,0,On board,0,14, 1920 x 1080 ,1,12890000
615,Dell,Intel Core i5-1135G7,8 GB,3200MHz,512,0,On board,0,15.6, 1920 x 1080 ,1,20490000
616,Dell,Intel Core i5-1135G7,8 GB,3200MHz,512,0,NVIDIA GeForce MX330,2,15.6, 1920 x 1080 ,1,21490000
617,Dell,Intel Core i7-1165G7,8 GB,3200MHz,512,0,NVIDIA GeForce MX330,2,14, 1920 x 1080 ,1,26990000
618,Dell,Intel Core i5-10300H,8 GB,2933MHz,512,0,NVIDIA GeForce GTX 1650,4,15.6, 1920 x 1080 ,1,27990000
619,Dell,Intel Core i5-1135G7,8 GB,3200MHz,512,0,NVIDIA GeForce MX330,2,15.6, 1920 x 1080 ,1,24490000
620,ASUS,Intel Core i5-1135G7,8 GB,3200MHz,512,0,On board,0,14, 1920 x 1080 ,1,18990000
621,ASUS,Intel Core i7-1165G7,16 GB,4266MHz,1,0,On board,0,13.3, 3840 x 2160 ,1,39990000
622,ASUS,Intel Core i5-1135G7,8 GB,4266MHz,512,0,On board,0,13.3, 1920 x 1080 ,1,25990000
623,Dell,Intel Core i7-1165G7,8 GB,3200MHz,512,0,NVIDIA GeForce MX330,2,15.6, 1920 x 1080 ,1,24490000
624,Dell,Intel Core i5-1135G7,8 GB,3200MHz,512,0,NVIDIA GeForce MX330,2,15.6, 1920 x 1080 ,1,21490000
625,Dell,Intel Core i5-1135G7,8 GB,4266MHz,512,0,On board,0,13.3, 1920 x 1080 ,1,20990000
626,Dell,Intel Core i5-1135G7,8 GB,4266MHz,256,0,On board,0,13.3, 1920 x 1080 ,1,19990000
627,ASUS,Intel Core i5-1135G7,8 GB,2400 MHz,512,0,On board,0,15.6, 1920 x 1080 ,1,19290000
628,ASUS,Intel Core i5-1135G7,8 GB,2400 MHz,512,0,On board,0,15.6, 1920 x 1080 ,1,19290000
629,Lenovo,Intel Core i5-1135G7,8 GB,3200MHz,512,0,On board,0,14, 1920 x 1080 ,1,16890000
630,Lenovo,Intel Core i5-1135G7,8 GB,3200MHz,512,0,On board,0,14, 1920 x 1080 ,1,22990000
631,ASUS,Intel Core i7-1165G7,16 GB,4266MHz,512,0,NVIDIA GeForce MX450,2,14, 1920 x 1080 ,1,32990000
632,Dell,Intel Core i5-1135G7,8 GB,3200MHz,256,0,On board,0,15.6, 1920 x 1080 ,1,18990000
633,Dell,Intel Core i5-1135G7,8 GB,3200MHz,256,0,On board,0,14, 1920 x 1080 ,1,18490000
634,Dell,Intel Core i7-1165G7,16 GB,3200MHz,512,0,NVIDIA GeForce MX330,2,15.6, 1920 x 1080 ,1,26450000
635,HP,Intel Core i5-1135G7,8 GB,3200MHz,512,0,On board,0,15.6, 1920 x 1080 ,2,19790000
636,Dell,Intel Core i7-10750H,8 GB,2933MHz,512,0,NVIDIA GeForce RTX 2060,6,15.6, 1920 x 1080 ,2,41990000
637,HP,Intel Core i7-1165G7,4 GB,2666MHz,512,0,On board,0,15.6, 1366 x 768 ,1,18490000
638,HP,Intel Core i5-1135G7,4 GB,2666MHz,512,0,On board,0,15.6, 1366 x 768 ,1,16590000
639,ASUS,Intel Core i7-10750H,8 GB,3200MHz,512,0,NVIDIA GeForce GTX 1650Ti,4,15.6, 1920 x 1080 ,2,28990000
640,ASUS,Intel Core i5-1135G7,8 GB,4266MHz,256,0,On board,0,13.3, 1920 x 1080 ,1,21990000
641,ASUS,Intel Core i5-1135G7,8 GB,3200MHz,512,0,NVIDIA GeForce MX350,2,15.6, 1920 x 1080 ,1,21290000
642,ASUS,Intel Celeron-N4020,4 GB,2666MHz,256,0,On board,0,15.6, 1366 x 768 ,1,6990000
643,ASUS,Intel Core i5-1135G7,8 GB,4266MHz,256,0,On board,0,13.3, 1920 x 1080 ,1,21990000
644,ASUS,Intel Core i5-1135G7,8 GB,4266MHz,512,0,On board,0,14, 1920 x 1080 ,1,22990000
645,Dell,AMD Ryzen 5-3500U,8 GB,2400MHz,512,0,AMD Radeon Vega,0,14, 1920 x 1080 ,1,14990000
646,Dell,Intel Core i7-10750H,8 GB,2933MHz,512,0,NVIDIA GeForce RTX 2060,0,15.6, 1920 x 1080 ,2,34990000
647,Dell,Intel Core i5-1135G7,8 GB,4266MHz,512,0,On board,0,13.3, 1920 x 1080 ,1,27690000
648,ASUS,AMD Ryzen 3-4300U,4 GB,2400 MHz,256,0,On board,0,14, 1920 x 1080 ,1,13490000
649,Dell,Intel Core i5-1135G7,8 GB,3200MHz,256,0,NVIDIA GeForce MX330,2,14, 1920 x 1080 ,1,19990000
650,Dell,Intel Core i7-1165G7,16 GB,4266MHz,512,0,On board,0,13.3, 3840 x 2160 ,1,34990000
651,Dell,AMD Ryzen 3-3250U,4 GB,3200MHz,256,0,On board,0,15.6, 1920 x 1080 ,1,12190000
652,ASUS,Intel Pentium Silver-N5030,4 GB,2400MHz,256,0,On board,0,15.6, 1366 x 768 ,1,7990000
653,MSI,Intel Core i5-1135G7,8 GB,2666MHz,512,0,NVIDIA GeForce MX450,2,14, 1920 x 1080 ,1,22990000
654,HP,Intel Core i7-10750H,8 GB,2933MHz,512,0,NVIDIA GeForce GTX 1650Ti,4,15.6, 1920 x 1080 ,2,28990000
655,ASUS,Intel Core i3-1005G1,4 GB,2666MHz,512,0,On board,0,15.6, 1920 x 1080 ,1,11190000
656,Dell,Intel Core i3-1005G1,4 GB,2666MHz,256,0,On board,0,15.6, 1920 x 1080 ,2,11490000
657,ASUS,Intel Core i7-10870H,8 GB,2933MHz,512,0,NVIDIA GeForce GTX 1650Ti,4,15.6, 1920 x 1080 ,2,26990000
658,ASUS,Intel Core i3-1115G4,4 GB,3200MHz,256,0,On board,0,14, 1920 x 1080 ,1,12890000
659,Dell,Intel Core i5-10210U,8 GB,2666MHz,512,0,NVIDIA GeForce MX230,2,14, 1920 x 1080 ,1,20990000
660,Dell,Intel Core i5-1035G1,8 GB,2666MHz,256,0,On board,0,15.6, 1920 x 1080 ,2,15590000
661,ACER,Intel Core i5-1135G7,8 GB,2666MHz,512,0,On board,0,14, 1920 x 1080 ,1,22990000
662,ACER,Intel Core i5-1135G7,16 GB,2666MHz,1,0,On board,0,14, 1920 x 1080 ,1,26990000
663,ACER,Intel Core i5-1135G7,8 GB,2666MHz,512,0,On board,0,13.5, 2556 x 1504 ,1,20990000
664,Dell,AMD Ryzen 5-3500U,4 GB,2400MHz,256,0,AMD Radeon Vega,0,14, 1920 x 1080 ,1,12490000
665,Dell,AMD Ryzen 3-3250U,4 GB,2400MHz,0,1000,On board,0,14, 1366 x 768 ,1,9900000
666,HP,AMD Ryzen 7-4800H,8 GB,3200MHz,512,0,NVIDIA GeForce GTX 1650,4,15.6, 1920 x 1080 ,2,26490000
667,ACER,Intel Core i5-1135G7,8 GB,2666MHz,512,0,On board,0,14, 1920 x 1080 ,1,25990000
668,ACER,Intel Core i5-1135G7,8 GB,2400MHz,256,0,On board,0,14, 1920 x 1080 ,1,16990000
669,ACER,Intel Core i5-1135G7,8 GB,2666MHz,512,0,On board,0,14, 1920 x 1080 ,1,17490000
670,Avita,AMD Ryzen 7-3700U,8 GB,2400MHz,512,0,AMD Radeon Vega,0,14, 1920 x 1080 ,1,15990000
671,Avita,Intel Core i7-10510U,8 GB,2400MHz,1,0,On board,0,14, 1920 x 1080 ,1,21990000
672,Avita,Intel Core i5-10210U,8 GB,2400MHz,512,0,On board,0,14, 1920 x 1080 ,1,16990000
673,ASUS,Intel Core i7-1165G7,16 GB,4266MHz,512,0,On board,0,14, 1920 x 1080 ,1,28990000
674,Dell,Intel Core i3-1005G1,4 GB,2666MHz,256,256,On board,0,14, 1920 x 1080 ,1,12790000
675,ASUS,Intel Core i5-10300H,8 GB,2933MHz,512,0,NVIDIA GeForce GTX 1650Ti,4,15.6, 1920 x 1080 ,2,23490000
676,ASUS,Intel Core i3-1115G4,4 GB,3200MHz,512,0,On board,0,15.6, 1920 x 1080 ,1,13890000
677,ASUS,Intel Core i3-1115G4,4 GB,3200MHz,512,0,On board,0,15.6, 1920 x 1080 ,1,14490000
678,ASUS,Intel Core i5-1135G7,8 GB,3200MHz,512,0,On board,0,14, 1920 x 1080 ,1,18990000
679,HP,Intel Core i5-1135G7,8 GB,2666MHz,512,0,On board,0,13.3, 1920 x 1080 ,1,23590000
680,HP,Intel Core i7-1165G7,8 GB,2933MHz,512,0,On board,0,13.3, 1920 x 1080 ,1,28490000
681,HP,Intel Core i5-1135G7,8 GB,2933MHz,256,0,On board,0,13.3, 1920 x 1080 ,1,22590000
682,Lenovo,Intel Core i5-10300H,8 GB,3200MHz,512,0,NVIDIA GeForce GTX 1650Ti,4,15.6, 1920 x 1080 ,2,27990000
683,ASUS,Intel Core i5-1135G7,8 GB,4266MHz,512,0,On board,0,14, 1920 x 1080 ,1,22990000
684,ASUS,Intel Core i5-10210U,8 GB,2666MHz,256,0,On board,0,14, 1920 x 1080 ,1,16790000
685,Lenovo,AMD Ryzen 3-3250U,4 GB,2400MHz,256,0,On board,0,15.6, 1920 x 1080 ,1,9790000
686,Dell,Intel Core i7-10750H,8 GB,2933MHz,512,0,NVIDIA GeForce GTX 1650Ti,4,15.6, 1920 x 1080 ,1,30490000
687,Lenovo,Intel Core i5-1035G1,4 GB,2666MHz,256,0,On board,0,14, 1920 x 1080 ,1,14690000
688,ACER,Intel Core i3-1115G4,4 GB,2400MHz,256,0,On board,0,14, 1920 x 1080 ,1,13490000
689,ASUS,Intel Core i7-9750H,8 GB,3200MHz,512,0,NVIDIA GeForce GTX 1650,4,15.6, 1920 x 1080 ,2,24990000
690,ASUS,AMD Ryzen 3-3250U,4 GB,2400MHz,512,0,On board,0,14, 1920 x 1080 ,1,11690000
691,MSI,Intel Core i5-10300H,8 GB,2666MHz,512,0,NVIDIA GeForce GTX 1650,4,15.6, 1920 x 1080 ,1,20990000
692,MSI,Intel Core i7-10750H,8 GB,2666MHz,512,0,NVIDIA GeForce GTX 1660Ti,6,17.3, 1920 x 1080 ,2,32990000
693,ASUS,Intel Celeron-N4020,4 GB,2400MHz,0,0,On board,0,11.6, 1366 x 768 ,1,5990000
694,ACER,AMD Ryzen 7-3750H,8 GB,2400MHz,512,0,NVIDIA GeForce GTX 1650Ti,4,15.6, 1920 x 1080 ,2,20990000
695,ACER,AMD Ryzen 5-3550H,8 GB,2400MHz,512,0,NVIDIA GeForce GTX 1650Ti,4,15.6, 1920 x 1080 ,2,19990000
696,ACER,Intel Core i7-10750H,8 GB,2933MHz,512,0,NVIDIA GeForce GTX 1650Ti,4,15.6, 1920 x 1080 ,2,28990000
697,Dell,Intel Core i7-10750H,8 GB,2933MHz,512,0,NVIDIA GeForce GTX 1660Ti,6,15.6, 1920 x 1080 ,2,31990000
698,Dell,Intel Core i7-10750H,4 GB,2933MHz,512,0,NVIDIA GeForce GTX 1650Ti,4,15.6, 1920 x 1080 ,2,27990000
699,Dell,Intel Core i7-10750H,4 GB,2933MHz,512,0,NVIDIA GeForce GTX 1660Ti,6,15.6, 1920 x 1080 ,2,31290000
700,Dell,Intel Core i5-10300H,4 GB,2933MHz,256,256,NVIDIA GeForce GTX 1650,4,15.6, 1920 x 1080 ,2,22490000
701,Lenovo,Intel Core i5-10210U,8 GB,2666MHz,512,0,On board,0,13.3, 1920 x 1080 ,1,34490000
702,ASUS,AMD Ryzen 7-4800H,8 GB,3200MHz,512,0,NVIDIA GeForce GTX 1660Ti,6,15.6, 1920 x 1080 ,2,26990000
703,HP,Intel Core i3-1005G1,4 GB,2666MHz,256,0,On board,0,14, 1920 x 1080 ,1,11590000
704,HP,Intel Core i3-1005G1,4 GB,2666MHz,256,0,On board,0,14, 1366 x 768 ,1,10990000
705,HP,Intel Core i3-1005G1,4 GB,2666MHz,512,0,On board,0,14, 1920 x 1080 ,1,12590000
706,HP,Intel Core i3-1005G1,4 GB,2666MHz,512,0,On board,0,14, 1366 x 768 ,1,11990000
707,Dell,Intel Core i3-1005G1,4 GB,2666MHz,256,0,On board,0,15.6, 1920 x 1080 ,2,11490000
708,ASUS,Intel Core i5-9300H,8 GB,2666MHz,512,0,NVIDIA GeForce GTX 1650,4,15.6, 1920 x 1080 ,2,22990000
709,ASUS,Intel Core i3-10110U,4 GB,2400MHz,256,0,On board,0,15.6, 1920 x 1080 ,1,12690000
710,ACER,Intel Core i3-1005G1,4 GB,2400MHz,512,0,On board,0,15.6, 1920 x 1080 ,1,12990000
711,ACER,Intel Core i5-1035G1,8 GB,2666MHz,512,0,NVIDIA GeForce MX350,2,14, 1920 x 1080 ,1,18490000
712,ACER,Intel Core i7-10750H,8 GB,2933MHz,512,0,NVIDIA GeForce GTX 1660Ti,6,15.6, 1920 x 1080 ,2,37390000
713,Lenovo,Intel Core i5-1035G4,4 GB,2666MHz,256,0,On board,0,14, 1920 x 1080 ,1,14590000
714,ASUS,AMD Ryzen 7-3750H,8 GB,2400MHz,512,0,NVIDIA GeForce GTX 1650,4,15.6, 1920 x 1080 ,2,19290000
715,ASUS,AMD Ryzen 7-4800H,8 GB,3200MHz,512,0,NVIDIA GeForce GTX 1660Ti,6,17.3, 1920 x 1080 ,2,27990000
716,MSI,Intel Core i5-9300H,8 GB,2666MHz,512,0,NVIDIA GeForce GTX 1650Ti,4,15.6, 1920 x 1080 ,1,22990000
717,ASUS,AMD Ryzen 3-3250U,4 GB,2400 MHz,256,0,On board,0,15.6, 1920 x 1080 ,1,10190000
718,ASUS,Intel Core i3-10110U,4 GB,2400 MHz,512,0,On board,0,14, 1920 x 1080 ,1,13990000
719,Lenovo,Intel Core i5-10300H,8 GB,2933MHz,512,0,NVIDIA GeForce GTX 1650,4,15.6, 1920 x 1080 ,2,20990000
720,HP,Intel Core i7-1065G7,8 GB,3200MHz,512,0,On board,0,13.3, 1920 x 1080 ,1,27990000
721,ASUS,AMD Ryzen 3-3250U,4 GB,2400MHz,512,0,On board,0,15.6, 1920 x 1080 ,1,11990000
722,ASUS,AMD Ryzen 5-4500U,8 GB,3200MHz,512,0,On board,0,14, 1920 x 1080 ,1,16690000
723,ASUS,Intel Core i3-1005G1,4 GB,2666MHz,256,0,On board,0,14, 1920 x 1080 ,1,10590000
724,ASUS,Intel Core i7-10750H,8 GB,3200MHz,512,0,NVIDIA GeForce GTX 1660Ti,6,15.6, 1920 x 1080 ,2,32490000
725,ASUS,Intel Core i7-10750H,16 GB,2933MHz,512,0,NVIDIA GeForce GTX 1660Ti,6,15.6, 1920 x 1080 ,1,41990000
726,ASUS,Intel Core i7-10875H,8 GB,3200MHz,1,0,NVIDIA GeForce RTX 2060,6,15.6, 1920 x 1080 ,2,47990000
727,ASUS,Intel Core i7-10750H,8 GB,2933MHz,512,0,NVIDIA GeForce GTX 1660Ti,6,17.3, 1920 x 1080 ,2,34990000
728,ASUS,Intel Core i3-10110U,4 GB,2400MHz,256,0,On board,0,14, 1920 x 1080 ,1,12590000
729,ASUS,Intel Core i3-10110U,4 GB,2400MHz,256,0,On board,0,15.6, 1920 x 1080 ,1,12690000
730,ASUS,Intel Core i3-10110U,4 GB,2400MHz,256,0,On board,0,15.6, 1920 x 1080 ,1,12190000
731,ASUS,Intel Core i5-10210U,8 GB,2666MHz,512,0,On board,0,14, 1920 x 1080 ,1,17990000
732,HP,AMD Ryzen 3-4300U,4 GB,3200MHz,256,0,On board,0,15.6, 1366 x 768 ,2,12990000
733,ASUS,AMD Ryzen 3-3250U,4 GB,2400MHz,256,0,On board,0,14, 1920 x 1080 ,1,9990000
734,ASUS,AMD Ryzen 3-3250U,4 GB,2400MHz,0,1000,On board,0,14, 1920 x 1080 ,1,9990000
735,MSI,Intel Core i7-10510U,8 GB,2666MHz,512,0,On board,0,14, 1920 x 1080 ,1,21490000
736,ASUS,Intel Core i3-10110U,4 GB,2400MHz,256,0,On board,0,14, 1920 x 1080 ,1,11990000
737,Lenovo,AMD Ryzen 3-4300U,4 GB,2666MHz,512,0,On board,0,14, 1920 x 1080 ,1,11490000
738,ASUS,Intel Core i7-10750H,8 GB,3200MHz,512,0,NVIDIA GeForce GTX 1650Ti,4,15.6, 1920 x 1080 ,2,28990000
739,ASUS,Intel Core i5-1035G1,8 GB,2666MHz,512,0,NVIDIA GeForce MX350,2,15.6, 1920 x 1080 ,1,20790000
740,Lenovo,AMD Ryzen 5-4500U,8 GB,2666MHz,512,0,On board,0,14, 1920 x 1080 ,1,13990000
741,HP,Intel Core i5-1035G1,8 GB,2666MHz,512,0,On board,0,14, 1366 x 768 ,1,16390000
742,HP,Intel Core i7-10750H,8 GB,2666MHz,512,0,NVIDIA GeForce GTX 1650Ti,4,15.6, 1920 x 1080 ,2,29990000
743,ASUS,Intel Core i5-1035G1,8 GB,3200MHz,512,0,On board,0,14, 1920 x 1080 ,0,22990000
744,ASUS,Intel Core i5-1035G1,8 GB,3200MHz,512,0,On board,0,14, 1920 x 1080 ,1,22990000
745,Lenovo,Intel Core i5-10210U,8 GB,2666MHz,512,0,On board,0,14, 1920 x 1080 ,1,30990000
746,Lenovo,Intel Core i5-1035G1,4 GB,2666MHz,256,0,On board,0,15.6, 1920 x 1080 ,1,14990000
747,ASUS,Intel Core i5-10210U,4 GB,2666MHz,256,0,On board,0,15.6, 1920 x 1080 ,1,15190000
748,HP,Intel Core i5-10300H,8 GB,3200MHz,512,0,NVIDIA GeForce GTX 1650,4,15.6, 1920 x 1080 ,2,23990000
749,HP,AMD Ryzen 3-4300U,4 GB,3200MHz,256,0,On board,0,14, 1366 x 768 ,1,12990000
750,HP,Intel Core i7-10510U,8 GB,2666MHz,256,0,NVIDIA GeForce MX250,2,15.6, 1920 x 1080 ,1,24490000
751,HP,Intel Core i7-10510U,8 GB,2666MHz,256,0,NVIDIA GeForce MX250,2,15.6, 1920 x 1080 ,1,23990000
752,Lenovo,Intel Core i7-10750H,8 GB,2933MHz,512,0,NVIDIA GeForce GTX 1650,4,15.6, 1920 x 1080 ,2,23990000
753,Lenovo,Intel Core i7-10750H,8 GB,2933MHz,512,0,NVIDIA GeForce GTX 1650,4,15.6, 1920 x 1080 ,2,27990000
754,Lenovo,Intel Core i5-10300H,8 GB,2933MHz,512,0,NVIDIA GeForce GTX 1650,4,15.6, 1920 x 1080 ,2,24990000
755,ACER,Intel Core i5-10300H,16 GB,2933MHz,512,0,NVIDIA GeForce RTX 2060,6,15.6, 1920 x 1080 ,2,31990000
756,ACER,Intel Core i5-10300H,8 GB,2933MHz,512,0,NVIDIA GeForce GTX 1650Ti,4,15.6, 1920 x 1080 ,2,23990000
757,ASUS,Intel Core i3-1005G1,4 GB,2666MHz,256,0,On board,0,14, 1920 x 1080 ,1,10590000
758,HP,AMD Ryzen 5-4500U,8 GB,3200MHz,256,0,On board,0,13.3, 1920 x 1080 ,1,23190000
759,MSI,Intel Core i7-10750H,8 GB,2666MHz,512,0,NVIDIA GeForce GTX 1660Ti,6,15.6, 1920 x 1080 ,2,33490000
760,MSI,Intel Core i7-10750H,8 GB,3200MHz,512,0,NVIDIA GeForce RTX 2060,6,15.6, 1920 x 1080 ,2,46990000
761,HP,Intel Core i5-1035G4,8 GB,2666MHz,512,0,On board,0,13.3, 1920 x 1080 ,1,22990000
762,HP,AMD Ryzen 3-3250U,4 GB,2400MHz,256,0,On board,0,14, 1366 x 768 ,1,9990000
763,Dell,Intel Core i7-10510U,8 GB,2666MHz,256,0,AMD Radeon 610,2,15.6, 1920 x 1080 ,2,20990000
764,HP,Intel Core i3-1005G1,4 GB,3200MHz,256,0,On board,0,14, 1920 x 1080 ,1,14190000
765,ASUS,Intel Core i3-1005G1,4 GB,2666MHz,512,0,On board,0,15.6, 1920 x 1080 ,1,11190000
766,ASUS,Intel Core i5-1035G1,4 GB,2666MHz,0,1000,NVIDIA GeForce MX330,2,15.6, 1920 x 1080 ,1,14990000
767,ACER,Intel Core i3-8130U,4 GB,2400MHz,256,0,On board,0,15.6, 1920 x 1080 ,1,9990000
768,ASUS,Intel Core i5-10210U,8 GB,2133MHz,512,0,On board,0,14, 1920 x 1080 ,1,37990000
769,ASUS,AMD Ryzen 7-4800H,8 GB,3200MHz,1,0,NVIDIA GeForce RTX 2060,6,15.6, 1920 x 1080 ,2,32990000
770,HP,Intel Core i3-1005G1,4 GB,2666MHz,256,0,On board,0,15.6, 1366 x 768 ,1,10690000
771,MICROSOFT,Intel Core i5-8250U,8 GB,3733MHz,128,0,Microsoft SQ1 Adreno,0,13, 2880 x 1920 ,0,28990000
772,MICROSOFT,Intel Core i3-1005G1,4 GB,2400 MHz,128,0,On board,0,12.3, 2736 x 1824 ,0,23990000
773,MSI,Intel Core i7-10750H,8 GB,2666MHz,512,0,NVIDIA GeForce GTX 1650,4,17.3, 1920 x 1080 ,2,24990000
774,ACER,Intel Core i5-10210U,4 GB,2400MHz,512,0,NVIDIA GeForce MX230,2,15.6, 1920 x 1080 ,1,14990000
775,ACER,AMD Ryzen 3-3250U,4 GB,2400MHz,256,0,On board,0,15.6, 1920 x 1080 ,1,10090000
776,ACER,Intel Celeron-N4020,4 GB,2666MHz,256,0,On board,0,15.6, 1280 x 720 ,1,6990000
777,ACER,Intel Core i5-1035G1,4 GB,2666MHz,512,0,On board,0,15.6, 1920 x 1080 ,1,16390000
778,ASUS,AMD Ryzen 5-4600H,8 GB,3200MHz,512,0,NVIDIA GeForce GTX 1650,4,15.6, 1920 x 1080 ,2,20490000
779,MSI,Intel Core i5-10210U,8 GB,2666MHz,256,0,On board,0,14, 1920 x 1080 ,1,16990000
780,MSI,Intel Core i5-10210U,8 GB,2666MHz,512,0,On board,0,15.6, 1920 x 1080 ,1,18490000
781,ASUS,AMD Ryzen 5-4600H,8 GB,3200MHz,512,0,NVIDIA GeForce GTX 1650Ti,4,17.3, 1920 x 1080 ,2,21990000
782,Dell,Intel Core i3-10110U,4 GB,2666MHz,128,0,On board,0,14, 1920 x 1080 ,1,14790000
783,HP,Intel Core i3-10110U,4 GB,2666MHz,256,0,On board,0,14, 1366 x 768 ,1,11490000
784,ASUS,AMD Ryzen 5-3500U,4 GB,2400 MHz,256,0,AMD Radeon Vega,0,15.6, 1920 x 1080 ,1,12190000
785,ACER,Intel Core i3-1005G1,4 GB,2400MHz,256,0,On board,0,15.6, 1920 x 1080 ,1,13390000
786,Dell,Intel Core i5-9300H,8 GB,2666MHz,256,0,NVIDIA GeForce GTX 1050,3,15.6, 1920 x 1080 ,2,25490000
787,Lenovo,Intel Core i7-9750H,8 GB,2400MHz,512,0,NVIDIA GeForce GTX 1050,3,15.6, 1920 x 1080 ,2,20990000
788,Dell,Intel Core i5-1035G1,4 GB,2666MHz,512,0,On board,0,15.6, 1920 x 1080 ,2,15890000
789,HP,Intel Core i5-1035G1,4 GB,2666MHz,0,1000,On board,0,14, 1920 x 1080 ,1,15190000
790,HP,Intel Core i5-1035G1,8 GB,2666MHz,512,0,On board,0,15.6, 1366 x 768 ,1,16190000
791,HP,Intel Core i5-1035G1,8 GB,2666MHz,512,0,On board,0,14, 1920 x 1080 ,1,16990000
792,ACER,AMD Ryzen 5-4500U,8 GB,2400MHz,512,0,On board,0,14, 1920 x 1080 ,1,18190000
793,ACER,Intel Core i7-10750H,8 GB,2933MHz,512,0,NVIDIA GeForce GTX 1650Ti,4,15.6, 1920 x 1080 ,2,29290000
794,ASUS,Intel Core i3-8145U,4 GB,2400 MHz,256,0,On board,0,14, 1920 x 1080 ,1,10290000
795,MSI,Intel Core i5-10300H,8 GB,2666MHz,512,0,NVIDIA GeForce GTX 1660Ti,6,15.6, 1920 x 1080 ,1,27990000
796,ASUS,Intel Core i3-8145U,4 GB,2400 MHz,0,1000,On board,0,14, 1920 x 1080 ,1,11490000
797,ASUS,AMD Ryzen 5-4600H,8 GB,3200MHz,512,0,NVIDIA GeForce GTX 1650Ti,4,15.6, 1920 x 1080 ,2,21990000
798,ASUS,Intel Core i3-8145U,4 GB,2400MHz,0,1000,On board,0,15.6, 1920 x 1080 ,1,10590000
799,ASUS,Intel Core i5-1035G1,4 GB,2666MHz,0,1000,On board,0,14, 1920 x 1080 ,1,13490000
800,ASUS,Intel Core i5-1035G1,4 GB,2666MHz,512,0,NVIDIA GeForce MX330,2,15.6, 1920 x 1080 ,1,15990000
801,ACER,AMD Ryzen 3-3250U,4 GB,2400MHz,512,0,On board,0,15.6, 1920 x 1080 ,1,11090000
802,Dell,Intel Core i3-1005G1,4 GB,2666MHz,256,0,On board,0,14, 1920 x 1080 ,1,10590000
803,Dell,Intel Core i5-1035G1,8 GB,2666MHz,256,0,NVIDIA GeForce MX230,2,15.6, 1920 x 1080 ,1,17990000
804,Dell,Intel Core i3-10110U,4 GB,2666MHz,256,0,On board,0,15.6, 1920 x 1080 ,2,11490000
805,Dell,Intel Core i5-1035G1,8 GB,2666MHz,256,0,On board,0,14, 1920 x 1080 ,1,15890000
806,Lenovo,Intel Core i5-1035G1,8 GB,3200MHz,256,0,On board,0,15.6, 1920 x 1080 ,1,16990000
807,ACER,Intel Core i3-1005G1,4 GB,2400MHz,512,0,On board,0,14, 1920 x 1080 ,1,14190000
